{
"meta":{"test_sets":[],"test_metrics":[],"learn_metrics":[{"best_value":"Min","name":"RMSE"}],"launch_mode":"Train","parameters":"","iteration_count":1000,"learn_sets":["learn"],"name":"experiment"},
"iterations":[
{"learn":[19222.73408],"iteration":0,"passed_time":0.03113106374,"remaining_time":31.09993268},
{"learn":[18230.58032],"iteration":1,"passed_time":0.05782698012,"remaining_time":28.85566308},
{"learn":[17294.01678],"iteration":2,"passed_time":0.08502532564,"remaining_time":28.25674989},
{"learn":[16407.47428],"iteration":3,"passed_time":0.104269049,"remaining_time":25.96299319},
{"learn":[15582.38226],"iteration":4,"passed_time":0.1273002299,"remaining_time":25.33274575},
{"learn":[14785.97256],"iteration":5,"passed_time":0.1502579733,"remaining_time":24.89273758},
{"learn":[14053.05174],"iteration":6,"passed_time":0.1649775576,"remaining_time":23.40324496},
{"learn":[13353.80334],"iteration":7,"passed_time":0.1882185293,"remaining_time":23.33909763},
{"learn":[12691.80193],"iteration":8,"passed_time":0.2108094047,"remaining_time":23.21245779},
{"learn":[12072.53177],"iteration":9,"passed_time":0.2335715584,"remaining_time":23.12358428},
{"learn":[11488.08557],"iteration":10,"passed_time":0.2568891098,"remaining_time":23.09666633},
{"learn":[10938.19396],"iteration":11,"passed_time":0.2770274025,"remaining_time":22.80858947},
{"learn":[10426.3763],"iteration":12,"passed_time":0.2966119086,"remaining_time":22.51968876},
{"learn":[9947.565568],"iteration":13,"passed_time":0.318134723,"remaining_time":22.40577406},
{"learn":[9498.524734],"iteration":14,"passed_time":0.3344780161,"remaining_time":21.96405639},
{"learn":[9070.335489],"iteration":15,"passed_time":0.3605227953,"remaining_time":22.17215191},
{"learn":[8675.892827],"iteration":16,"passed_time":0.3761667894,"remaining_time":21.75129141},
{"learn":[8301.227303],"iteration":17,"passed_time":0.3993337317,"remaining_time":21.78587358},
{"learn":[7956.1177],"iteration":18,"passed_time":0.4134624207,"remaining_time":21.34771762},
{"learn":[7624.241507],"iteration":19,"passed_time":0.4300454508,"remaining_time":21.07222709},
{"learn":[7319.259504],"iteration":20,"passed_time":0.4501415559,"remaining_time":20.98517063},
{"learn":[7030.056749],"iteration":21,"passed_time":0.4695831315,"remaining_time":20.87510466},
{"learn":[6743.481259],"iteration":22,"passed_time":0.49548155,"remaining_time":21.04719453},
{"learn":[6490.340667],"iteration":23,"passed_time":0.5222052461,"remaining_time":21.23634667},
{"learn":[6255.274981],"iteration":24,"passed_time":0.5461037984,"remaining_time":21.29804814},
{"learn":[6037.790198],"iteration":25,"passed_time":0.5699201802,"remaining_time":21.35008675},
{"learn":[5836.912675],"iteration":26,"passed_time":0.5921407206,"remaining_time":21.33899708},
{"learn":[5653.7347],"iteration":27,"passed_time":0.6089917701,"remaining_time":21.1407143},
{"learn":[5405.914229],"iteration":28,"passed_time":0.6325497599,"remaining_time":21.17951093},
{"learn":[5174.192723],"iteration":29,"passed_time":0.6488096347,"remaining_time":20.97817819},
{"learn":[4958.351636],"iteration":30,"passed_time":0.668606967,"remaining_time":20.89935971},
{"learn":[4757.497764],"iteration":31,"passed_time":0.6912296955,"remaining_time":20.90969829},
{"learn":[4569.983137],"iteration":32,"passed_time":0.714228751,"remaining_time":20.92906673},
{"learn":[4389.075102],"iteration":33,"passed_time":0.735988079,"remaining_time":20.91072013},
{"learn":[4216.692717],"iteration":34,"passed_time":0.7619322714,"remaining_time":21.0075612},
{"learn":[4060.806147],"iteration":35,"passed_time":0.7835165801,"remaining_time":20.98083287},
{"learn":[3930.460312],"iteration":36,"passed_time":0.8073593106,"remaining_time":21.0131626},
{"learn":[3806.582186],"iteration":37,"passed_time":0.8333198493,"remaining_time":21.09614987},
{"learn":[3681.214817],"iteration":38,"passed_time":0.8554226953,"remaining_time":21.07849257},
{"learn":[3576.546935],"iteration":39,"passed_time":0.8793198147,"remaining_time":21.10367555},
{"learn":[3469.418067],"iteration":40,"passed_time":0.9019479764,"remaining_time":21.09678316},
{"learn":[3378.131438],"iteration":41,"passed_time":0.9250332189,"remaining_time":21.09956723},
{"learn":[3291.644381],"iteration":42,"passed_time":0.9473635139,"remaining_time":21.08434611},
{"learn":[3207.882754],"iteration":43,"passed_time":0.9713511385,"remaining_time":21.1048111},
{"learn":[3138.391627],"iteration":44,"passed_time":0.991261552,"remaining_time":21.03677294},
{"learn":[3062.874552],"iteration":45,"passed_time":1.018330357,"remaining_time":21.11928611},
{"learn":[3000.360524],"iteration":46,"passed_time":1.044120427,"remaining_time":21.17120781},
{"learn":[2944.329229],"iteration":47,"passed_time":1.067095344,"remaining_time":21.16405766},
{"learn":[2891.160177],"iteration":48,"passed_time":1.089214965,"remaining_time":21.13966187},
{"learn":[2844.287381],"iteration":49,"passed_time":1.110087806,"remaining_time":21.09166831},
{"learn":[2785.173872],"iteration":50,"passed_time":1.133502752,"remaining_time":21.0920414},
{"learn":[2744.852633],"iteration":51,"passed_time":1.156186481,"remaining_time":21.07816892},
{"learn":[2701.539871],"iteration":52,"passed_time":1.178328208,"remaining_time":21.05427949},
{"learn":[2668.220572],"iteration":53,"passed_time":1.1978556,"remaining_time":20.98465552},
{"learn":[2626.069677],"iteration":54,"passed_time":1.214614646,"remaining_time":20.86928801},
{"learn":[2597.410041],"iteration":55,"passed_time":1.235421585,"remaining_time":20.82567814},
{"learn":[2571.627304],"iteration":56,"passed_time":1.253200604,"remaining_time":20.7327749},
{"learn":[2548.45438],"iteration":57,"passed_time":1.272543238,"remaining_time":20.66785742},
{"learn":[2521.683277],"iteration":58,"passed_time":1.288218348,"remaining_time":20.54599093},
{"learn":[2502.854015],"iteration":59,"passed_time":1.30486509,"remaining_time":20.44288641},
{"learn":[2470.724648],"iteration":60,"passed_time":1.324845157,"remaining_time":20.39392792},
{"learn":[2449.603323],"iteration":61,"passed_time":1.339380124,"remaining_time":20.2635251},
{"learn":[2421.204997],"iteration":62,"passed_time":1.357213378,"remaining_time":20.18585611},
{"learn":[2388.126992],"iteration":63,"passed_time":1.379329527,"remaining_time":20.17269434},
{"learn":[2364.05044],"iteration":64,"passed_time":1.396486991,"remaining_time":20.08792825},
{"learn":[2342.83987],"iteration":65,"passed_time":1.411670424,"remaining_time":19.9772754},
{"learn":[2331.294476],"iteration":66,"passed_time":1.433189012,"remaining_time":19.95769177},
{"learn":[2320.964907],"iteration":67,"passed_time":1.457214672,"remaining_time":19.97241285},
{"learn":[2311.727562],"iteration":68,"passed_time":1.476967269,"remaining_time":19.92835548},
{"learn":[2284.784526],"iteration":69,"passed_time":1.50068096,"remaining_time":19.93761847},
{"learn":[2277.333148],"iteration":70,"passed_time":1.52071547,"remaining_time":19.89781228},
{"learn":[2270.676674],"iteration":71,"passed_time":1.542916819,"remaining_time":19.88648345},
{"learn":[2259.98562],"iteration":72,"passed_time":1.558086778,"remaining_time":19.78556771},
{"learn":[2254.611606],"iteration":73,"passed_time":1.575856634,"remaining_time":19.71950328},
{"learn":[2249.8147],"iteration":74,"passed_time":1.593280567,"remaining_time":19.65046032},
{"learn":[2234.759193],"iteration":75,"passed_time":1.610182801,"remaining_time":19.576433},
{"learn":[2220.897779],"iteration":76,"passed_time":1.627008883,"remaining_time":19.50297661},
{"learn":[2206.96772],"iteration":77,"passed_time":1.644184805,"remaining_time":19.43510756},
{"learn":[2199.150545],"iteration":78,"passed_time":1.662148702,"remaining_time":19.37770829},
{"learn":[2196.198712],"iteration":79,"passed_time":1.678336797,"remaining_time":19.30087316},
{"learn":[2180.524272],"iteration":80,"passed_time":1.697956069,"remaining_time":19.26446454},
{"learn":[2178.04791],"iteration":81,"passed_time":1.726248889,"remaining_time":19.32556683},
{"learn":[2163.814195],"iteration":82,"passed_time":1.751653438,"remaining_time":19.35260486},
{"learn":[2161.735669],"iteration":83,"passed_time":1.771452837,"remaining_time":19.31727142},
{"learn":[2155.937976],"iteration":84,"passed_time":1.786146858,"remaining_time":19.22734559},
{"learn":[2154.239775],"iteration":85,"passed_time":1.800337524,"remaining_time":19.13381973},
{"learn":[2152.802074],"iteration":86,"passed_time":1.819079634,"remaining_time":19.08988168},
{"learn":[2151.520271],"iteration":87,"passed_time":1.835285298,"remaining_time":19.02022945},
{"learn":[2138.954602],"iteration":88,"passed_time":1.854323151,"remaining_time":18.98076843},
{"learn":[2129.587235],"iteration":89,"passed_time":1.8699566,"remaining_time":18.90733896},
{"learn":[2128.609092],"iteration":90,"passed_time":1.885335793,"remaining_time":18.83263995},
{"learn":[2127.773487],"iteration":91,"passed_time":1.909483851,"remaining_time":18.8457754},
{"learn":[2116.433796],"iteration":92,"passed_time":1.929923709,"remaining_time":18.82194413},
{"learn":[2115.714565],"iteration":93,"passed_time":1.944365413,"remaining_time":18.74037302},
{"learn":[2115.099964],"iteration":94,"passed_time":1.962167707,"remaining_time":18.69222921},
{"learn":[2094.906095],"iteration":95,"passed_time":1.991457918,"remaining_time":18.75289539},
{"learn":[2094.430291],"iteration":96,"passed_time":2.011098099,"remaining_time":18.72187199},
{"learn":[2094.008976],"iteration":97,"passed_time":2.02928177,"remaining_time":18.67767507},
{"learn":[2093.636196],"iteration":98,"passed_time":2.047371309,"remaining_time":18.63314696},
{"learn":[2093.306354],"iteration":99,"passed_time":2.065639822,"remaining_time":18.5907584},
{"learn":[2093.014387],"iteration":100,"passed_time":2.081671594,"remaining_time":18.52893825},
{"learn":[2082.851458],"iteration":101,"passed_time":2.107220188,"remaining_time":18.55180126},
{"learn":[2082.547629],"iteration":102,"passed_time":2.128046498,"remaining_time":18.53259911},
{"learn":[2082.279144],"iteration":103,"passed_time":2.149221376,"remaining_time":18.51636877},
{"learn":[2082.041454],"iteration":104,"passed_time":2.170663171,"remaining_time":18.50231941},
{"learn":[2081.831378],"iteration":105,"passed_time":2.187642452,"remaining_time":18.45049389},
{"learn":[2081.645549],"iteration":106,"passed_time":2.20616955,"remaining_time":18.41223746},
{"learn":[2063.55968],"iteration":107,"passed_time":2.23236305,"remaining_time":18.43766519},
{"learn":[2054.312046],"iteration":108,"passed_time":2.253039984,"remaining_time":18.41705161},
{"learn":[2045.830639],"iteration":109,"passed_time":2.27371807,"remaining_time":18.3964462},
{"learn":[2029.490729],"iteration":110,"passed_time":2.298777609,"remaining_time":18.41093058},
{"learn":[2021.694938],"iteration":111,"passed_time":2.318629711,"remaining_time":18.38342128},
{"learn":[2007.065596],"iteration":112,"passed_time":2.338550292,"remaining_time":18.35658504},
{"learn":[2007.024436],"iteration":113,"passed_time":2.353154404,"remaining_time":18.2885509},
{"learn":[1999.868577],"iteration":114,"passed_time":2.374078912,"remaining_time":18.27008554},
{"learn":[1992.248957],"iteration":115,"passed_time":2.398389154,"remaining_time":18.27737941},
{"learn":[1985.67585],"iteration":116,"passed_time":2.426538365,"remaining_time":18.31310578},
{"learn":[1979.650444],"iteration":117,"passed_time":2.45162867,"remaining_time":18.32488548},
{"learn":[1979.638741],"iteration":118,"passed_time":2.470812714,"remaining_time":18.29231934},
{"learn":[1972.874713],"iteration":119,"passed_time":2.498073419,"remaining_time":18.31920507},
{"learn":[1972.870959],"iteration":120,"passed_time":2.518422972,"remaining_time":18.29499002},
{"learn":[1972.867494],"iteration":121,"passed_time":2.539676987,"remaining_time":18.27734749},
{"learn":[1967.339447],"iteration":122,"passed_time":2.557072384,"remaining_time":18.23213399},
{"learn":[1967.33742],"iteration":123,"passed_time":2.575492867,"remaining_time":18.1946109},
{"learn":[1967.335585],"iteration":124,"passed_time":2.59740565,"remaining_time":18.18183955},
{"learn":[1959.775921],"iteration":125,"passed_time":2.623891333,"remaining_time":18.20064306},
{"learn":[1959.775534],"iteration":126,"passed_time":2.647896618,"remaining_time":18.20168305},
{"learn":[1959.77534],"iteration":127,"passed_time":2.667239573,"remaining_time":18.17056959},
{"learn":[1959.774952],"iteration":128,"passed_time":2.68589366,"remaining_time":18.13498743},
{"learn":[1959.774758],"iteration":129,"passed_time":2.704991366,"remaining_time":18.10263453},
{"learn":[1959.774565],"iteration":130,"passed_time":2.730245749,"remaining_time":18.11132486},
{"learn":[1959.774371],"iteration":131,"passed_time":2.748840372,"remaining_time":18.0757079},
{"learn":[1959.774177],"iteration":132,"passed_time":2.766545989,"remaining_time":18.03455168},
{"learn":[1953.059109],"iteration":133,"passed_time":2.793093945,"remaining_time":18.05089072},
{"learn":[1953.057455],"iteration":134,"passed_time":2.808361767,"remaining_time":17.99431799},
{"learn":[1947.968303],"iteration":135,"passed_time":2.828814447,"remaining_time":17.97129178},
{"learn":[1947.966256],"iteration":136,"passed_time":2.845527489,"remaining_time":17.92474615},
{"learn":[1943.116625],"iteration":137,"passed_time":2.869782734,"remaining_time":17.92574432},
{"learn":[1938.44121],"iteration":138,"passed_time":2.895045375,"remaining_time":17.9326192},
{"learn":[1934.133146],"iteration":139,"passed_time":2.922904602,"remaining_time":17.95498541},
{"learn":[1929.838098],"iteration":140,"passed_time":2.948249184,"remaining_time":17.96131949},
{"learn":[1929.837705],"iteration":141,"passed_time":2.967784964,"remaining_time":17.93210915},
{"learn":[1929.837508],"iteration":142,"passed_time":2.988699392,"remaining_time":17.91129636},
{"learn":[1924.742708],"iteration":143,"passed_time":3.01551026,"remaining_time":17.92553321},
{"learn":[1924.74034],"iteration":144,"passed_time":3.031166931,"remaining_time":17.8734326},
{"learn":[1924.738367],"iteration":145,"passed_time":3.052065085,"remaining_time":17.85249029},
{"learn":[1924.736591],"iteration":146,"passed_time":3.067781529,"remaining_time":17.80148057},
{"learn":[1924.735012],"iteration":147,"passed_time":3.083518989,"remaining_time":17.75106878},
{"learn":[1920.787771],"iteration":148,"passed_time":3.107695185,"remaining_time":17.74931948},
{"learn":[1920.786189],"iteration":149,"passed_time":3.12523858,"remaining_time":17.70968529},
{"learn":[1920.784805],"iteration":150,"passed_time":3.146510232,"remaining_time":17.69130587},
{"learn":[1915.647292],"iteration":151,"passed_time":3.169905366,"remaining_time":17.6847352},
{"learn":[1915.641542],"iteration":152,"passed_time":3.190979294,"remaining_time":17.66509452},
{"learn":[1910.942036],"iteration":153,"passed_time":3.218942545,"remaining_time":17.68328177},
{"learn":[1907.306507],"iteration":154,"passed_time":3.2409174,"remaining_time":17.66822712},
{"learn":[1907.30581],"iteration":155,"passed_time":3.259060869,"remaining_time":17.63235496},
{"learn":[1883.98527],"iteration":156,"passed_time":3.286172282,"remaining_time":17.64486136},
{"learn":[1883.984968],"iteration":157,"passed_time":3.307347698,"remaining_time":17.62523267},
{"learn":[1863.434002],"iteration":158,"passed_time":3.331048433,"remaining_time":17.61894171},
{"learn":[1859.975687],"iteration":159,"passed_time":3.356917047,"remaining_time":17.6238145},
{"learn":[1859.74941],"iteration":160,"passed_time":3.382061833,"remaining_time":17.6245334},
{"learn":[1859.7489],"iteration":161,"passed_time":3.398504712,"remaining_time":17.57991944},
{"learn":[1856.970891],"iteration":162,"passed_time":3.421909952,"remaining_time":17.57140264},
{"learn":[1856.970277],"iteration":163,"passed_time":3.442951524,"remaining_time":17.55065533},
{"learn":[1856.969562],"iteration":164,"passed_time":3.464027541,"remaining_time":17.53007877},
{"learn":[1838.120779],"iteration":165,"passed_time":3.49170655,"remaining_time":17.54267026},
{"learn":[1838.11954],"iteration":166,"passed_time":3.50768917,"remaining_time":17.4964376},
{"learn":[1834.077218],"iteration":167,"passed_time":3.534538941,"remaining_time":17.50438333},
{"learn":[1834.07349],"iteration":168,"passed_time":3.553569693,"remaining_time":17.47346991},
{"learn":[1819.287577],"iteration":169,"passed_time":3.577408381,"remaining_time":17.46617033},
{"learn":[1819.28361],"iteration":170,"passed_time":3.596586918,"remaining_time":17.43608512},
{"learn":[1816.710615],"iteration":171,"passed_time":3.621372058,"remaining_time":17.43311665},
{"learn":[1813.888052],"iteration":172,"passed_time":3.644988492,"remaining_time":17.42430915},
{"learn":[1811.527768],"iteration":173,"passed_time":3.662786573,"remaining_time":17.38771097},
{"learn":[1811.375542],"iteration":174,"passed_time":3.678033683,"remaining_time":17.33930165},
{"learn":[1811.241127],"iteration":175,"passed_time":3.699093701,"remaining_time":17.31848414},
{"learn":[1811.122851],"iteration":176,"passed_time":3.717981698,"remaining_time":17.28756462},
{"learn":[1808.967783],"iteration":177,"passed_time":3.738840335,"remaining_time":17.26588065},
{"learn":[1808.865631],"iteration":178,"passed_time":3.756179623,"remaining_time":17.22806408},
{"learn":[1808.513779],"iteration":179,"passed_time":3.773135377,"remaining_time":17.18872783},
{"learn":[1808.441951],"iteration":180,"passed_time":3.793251366,"remaining_time":17.1639385},
{"learn":[1808.378522],"iteration":181,"passed_time":3.808200978,"remaining_time":17.11598022},
{"learn":[1805.882219],"iteration":182,"passed_time":3.829141441,"remaining_time":17.09512873},
{"learn":[1805.828164],"iteration":183,"passed_time":3.846632228,"remaining_time":17.05897771},
{"learn":[1805.780419],"iteration":184,"passed_time":3.86658183,"remaining_time":17.03386049},
{"learn":[1803.811119],"iteration":185,"passed_time":3.890080946,"remaining_time":17.02433274},
{"learn":[1803.769742],"iteration":186,"passed_time":3.910703924,"remaining_time":17.00215128},
{"learn":[1778.25718],"iteration":187,"passed_time":3.935267893,"remaining_time":16.99700813},
{"learn":[1778.230321],"iteration":188,"passed_time":3.953950722,"remaining_time":16.96642347},
{"learn":[1778.025631],"iteration":189,"passed_time":3.971411141,"remaining_time":16.93075276},
{"learn":[1778.008969],"iteration":190,"passed_time":3.992264484,"remaining_time":16.90964381},
{"learn":[1777.994282],"iteration":191,"passed_time":4.019839915,"remaining_time":16.91682631},
{"learn":[1777.981465],"iteration":192,"passed_time":4.036090398,"remaining_time":16.87629509},
{"learn":[1777.969982],"iteration":193,"passed_time":4.050081764,"remaining_time":16.82662836},
{"learn":[1752.993716],"iteration":194,"passed_time":4.076445135,"remaining_time":16.82840171},
{"learn":[1752.985428],"iteration":195,"passed_time":4.098000027,"remaining_time":16.81016338},
{"learn":[1752.978007],"iteration":196,"passed_time":4.112722536,"remaining_time":16.76404161},
{"learn":[1752.971561],"iteration":197,"passed_time":4.128422506,"remaining_time":16.72219621},
{"learn":[1750.327345],"iteration":198,"passed_time":4.149379434,"remaining_time":16.7017735},
{"learn":[1731.144189],"iteration":199,"passed_time":4.176294217,"remaining_time":16.70517687},
{"learn":[1731.137936],"iteration":200,"passed_time":4.191271377,"remaining_time":16.66082503},
{"learn":[1730.992902],"iteration":201,"passed_time":4.205626664,"remaining_time":16.61430732},
{"learn":[1730.99005],"iteration":202,"passed_time":4.226634825,"remaining_time":16.59422638},
{"learn":[1713.543385],"iteration":203,"passed_time":4.253584001,"remaining_time":16.59731796},
{"learn":[1713.541113],"iteration":204,"passed_time":4.269060806,"remaining_time":16.55562605},
{"learn":[1713.539062],"iteration":205,"passed_time":4.286241528,"remaining_time":16.52075618},
{"learn":[1713.537234],"iteration":206,"passed_time":4.306846652,"remaining_time":16.49917582},
{"learn":[1711.273148],"iteration":207,"passed_time":4.332047311,"remaining_time":16.49510322},
{"learn":[1711.271206],"iteration":208,"passed_time":4.352762506,"remaining_time":16.47385236},
{"learn":[1693.938728],"iteration":209,"passed_time":4.377444825,"remaining_time":16.46753053},
{"learn":[1693.93402],"iteration":210,"passed_time":4.394992688,"remaining_time":16.43435654},
{"learn":[1693.80587],"iteration":211,"passed_time":4.409641412,"remaining_time":16.39055393},
{"learn":[1693.692961],"iteration":212,"passed_time":4.430389458,"remaining_time":16.36956105},
{"learn":[1693.692176],"iteration":213,"passed_time":4.452612845,"remaining_time":16.35398923},
{"learn":[1677.989075],"iteration":214,"passed_time":4.479290628,"remaining_time":16.35461927},
{"learn":[1677.988283],"iteration":215,"passed_time":4.501100288,"remaining_time":16.33732697},
{"learn":[1677.89123],"iteration":216,"passed_time":4.51622933,"remaining_time":16.2958874},
{"learn":[1676.086271],"iteration":217,"passed_time":4.532217466,"remaining_time":16.25777091},
{"learn":[1676.068142],"iteration":218,"passed_time":4.553914402,"remaining_time":16.24021529},
{"learn":[1661.161697],"iteration":219,"passed_time":4.578070583,"remaining_time":16.23134116},
{"learn":[1661.160668],"iteration":220,"passed_time":4.607714005,"remaining_time":16.24167063},
{"learn":[1661.066634],"iteration":221,"passed_time":4.629629389,"remaining_time":16.22455705},
{"learn":[1661.048855],"iteration":222,"passed_time":4.645064338,"remaining_time":16.18482059},
{"learn":[1661.033135],"iteration":223,"passed_time":4.663729016,"remaining_time":16.1564898},
{"learn":[1661.019357],"iteration":224,"passed_time":4.679164571,"remaining_time":16.11712241},
{"learn":[1643.898096],"iteration":225,"passed_time":4.702670646,"remaining_time":16.10560655},
{"learn":[1643.891511],"iteration":226,"passed_time":4.719417713,"remaining_time":16.07096869},
{"learn":[1643.885619],"iteration":227,"passed_time":4.739750687,"remaining_time":16.04862952},
{"learn":[1643.88042],"iteration":228,"passed_time":4.757873748,"remaining_time":16.01886751},
{"learn":[1643.875799],"iteration":229,"passed_time":4.775856502,"remaining_time":15.98873699},
{"learn":[1643.871756],"iteration":230,"passed_time":4.78964498,"remaining_time":15.94474887},
{"learn":[1643.86829],"iteration":231,"passed_time":4.806132843,"remaining_time":15.909957},
{"learn":[1643.865055],"iteration":232,"passed_time":4.826522381,"remaining_time":15.88816595},
{"learn":[1630.42759],"iteration":233,"passed_time":4.852668733,"remaining_time":15.88523184},
{"learn":[1630.426541],"iteration":234,"passed_time":4.870860381,"remaining_time":15.85620507},
{"learn":[1618.368391],"iteration":235,"passed_time":4.8951393,"remaining_time":15.84697638},
{"learn":[1604.220132],"iteration":236,"passed_time":4.919461484,"remaining_time":15.83775997},
{"learn":[1590.411268],"iteration":237,"passed_time":4.943043674,"remaining_time":15.82604739},
{"learn":[1590.352278],"iteration":238,"passed_time":4.960097045,"remaining_time":15.79344708},
{"learn":[1586.825822],"iteration":239,"passed_time":4.985987223,"remaining_time":15.78895954},
{"learn":[1583.661265],"iteration":240,"passed_time":5.008712286,"remaining_time":15.77432624},
{"learn":[1583.501165],"iteration":241,"passed_time":5.030855015,"remaining_time":15.75780207},
{"learn":[1583.36024],"iteration":242,"passed_time":5.050206159,"remaining_time":15.73253523},
{"learn":[1583.236275],"iteration":243,"passed_time":5.072099269,"remaining_time":15.71519282},
{"learn":[1583.170001],"iteration":244,"passed_time":5.098656816,"remaining_time":15.71218733},
{"learn":[1583.111461],"iteration":245,"passed_time":5.115502843,"remaining_time":15.67922416},
{"learn":[1583.059997],"iteration":246,"passed_time":5.135060076,"remaining_time":15.65465683},
{"learn":[1582.928151],"iteration":247,"passed_time":5.154437607,"remaining_time":15.629585},
{"learn":[1582.875541],"iteration":248,"passed_time":5.179012546,"remaining_time":15.62023463},
{"learn":[1582.752379],"iteration":249,"passed_time":5.203610731,"remaining_time":15.61083219},
{"learn":[1581.760188],"iteration":250,"passed_time":5.22980871,"remaining_time":15.60608257},
{"learn":[1581.727831],"iteration":251,"passed_time":5.251295249,"remaining_time":15.58717796},
{"learn":[1581.616526],"iteration":252,"passed_time":5.272169702,"remaining_time":15.56644572},
{"learn":[1581.518543],"iteration":253,"passed_time":5.2947192,"remaining_time":15.55063198},
{"learn":[1581.432262],"iteration":254,"passed_time":5.318334062,"remaining_time":15.53787795},
{"learn":[1581.356365],"iteration":255,"passed_time":5.338561907,"remaining_time":15.51519554},
{"learn":[1581.289591],"iteration":256,"passed_time":5.356278407,"remaining_time":15.48527182},
{"learn":[1581.232723],"iteration":257,"passed_time":5.375272887,"remaining_time":15.45911815},
{"learn":[1581.1827],"iteration":258,"passed_time":5.394754564,"remaining_time":15.43441364},
{"learn":[1581.13856],"iteration":259,"passed_time":5.410261567,"remaining_time":15.39843677},
{"learn":[1581.063489],"iteration":260,"passed_time":5.429350778,"remaining_time":15.37275948},
{"learn":[1581.019286],"iteration":261,"passed_time":5.446779883,"remaining_time":15.34245631},
{"learn":[1580.947993],"iteration":262,"passed_time":5.461958364,"remaining_time":15.30594416},
{"learn":[1571.469788],"iteration":263,"passed_time":5.48791225,"remaining_time":15.29963415},
{"learn":[1571.391898],"iteration":264,"passed_time":5.505569649,"remaining_time":15.27016488},
{"learn":[1571.329898],"iteration":265,"passed_time":5.522844947,"remaining_time":15.23973004},
{"learn":[1571.27545],"iteration":266,"passed_time":5.544977576,"remaining_time":15.2227287},
{"learn":[1571.194832],"iteration":267,"passed_time":5.56628711,"remaining_time":15.20344091},
{"learn":[1571.123939],"iteration":268,"passed_time":5.579867571,"remaining_time":15.16313455},
{"learn":[1562.633705],"iteration":269,"passed_time":5.60404669,"remaining_time":15.15168179},
{"learn":[1562.580837],"iteration":270,"passed_time":5.620040417,"remaining_time":15.1181161},
{"learn":[1562.507853],"iteration":271,"passed_time":5.637392398,"remaining_time":15.08831495},
{"learn":[1562.45571],"iteration":272,"passed_time":5.654447624,"remaining_time":15.05781474},
{"learn":[1562.386062],"iteration":273,"passed_time":5.67150955,"remaining_time":15.02743041},
{"learn":[1562.324738],"iteration":274,"passed_time":5.686940462,"remaining_time":14.99284304},
{"learn":[1561.556007],"iteration":275,"passed_time":5.711270427,"remaining_time":14.98173837},
{"learn":[1544.717289],"iteration":276,"passed_time":5.737328181,"remaining_time":14.97504792},
{"learn":[1544.66682],"iteration":277,"passed_time":5.758842237,"remaining_time":14.95641761},
{"learn":[1544.598337],"iteration":278,"passed_time":5.774349578,"remaining_time":14.92224389},
{"learn":[1544.537967],"iteration":279,"passed_time":5.790639446,"remaining_time":14.89021572},
{"learn":[1544.483373],"iteration":280,"passed_time":5.81615705,"remaining_time":14.88191074},
{"learn":[1544.425212],"iteration":281,"passed_time":5.831459619,"remaining_time":14.8474752},
{"learn":[1528.910444],"iteration":282,"passed_time":5.854788712,"remaining_time":14.83351062},
{"learn":[1528.831815],"iteration":283,"passed_time":5.875074417,"remaining_time":14.81180733},
{"learn":[1528.770698],"iteration":284,"passed_time":5.89244466,"remaining_time":14.78279976},
{"learn":[1528.696658],"iteration":285,"passed_time":5.911951648,"remaining_time":14.75920796},
{"learn":[1528.654543],"iteration":286,"passed_time":5.929025322,"remaining_time":14.72959949},
{"learn":[1528.591493],"iteration":287,"passed_time":5.944455893,"remaining_time":14.69601596},
{"learn":[1528.535957],"iteration":288,"passed_time":5.962172346,"remaining_time":14.66818179},
{"learn":[1528.489986],"iteration":289,"passed_time":5.979702922,"remaining_time":14.63996233},
{"learn":[1528.436621],"iteration":290,"passed_time":5.995565799,"remaining_time":14.6077531},
{"learn":[1527.774713],"iteration":291,"passed_time":6.011547265,"remaining_time":14.57594337},
{"learn":[1527.708083],"iteration":292,"passed_time":6.032565089,"remaining_time":14.55639426},
{"learn":[1523.671468],"iteration":293,"passed_time":6.061465771,"remaining_time":14.55576474},
{"learn":[1509.431257],"iteration":294,"passed_time":6.087890837,"remaining_time":14.54902725},
{"learn":[1509.386465],"iteration":295,"passed_time":6.109557199,"remaining_time":14.53083874},
{"learn":[1509.328272],"iteration":296,"passed_time":6.131277736,"remaining_time":14.51275505},
{"learn":[1495.301571],"iteration":297,"passed_time":6.157545994,"remaining_time":14.50536003},
{"learn":[1495.256992],"iteration":298,"passed_time":6.176418112,"remaining_time":14.48049865},
{"learn":[1495.202885],"iteration":299,"passed_time":6.191564444,"remaining_time":14.4469837},
{"learn":[1495.155254],"iteration":300,"passed_time":6.205586611,"remaining_time":14.4109802},
{"learn":[1494.459798],"iteration":301,"passed_time":6.227881859,"remaining_time":14.3942435},
{"learn":[1482.389602],"iteration":302,"passed_time":6.252159757,"remaining_time":14.38203086},
{"learn":[1473.226685],"iteration":303,"passed_time":6.278407736,"remaining_time":14.37424929},
{"learn":[1473.174928],"iteration":304,"passed_time":6.293835668,"remaining_time":14.34169111},
{"learn":[1473.133224],"iteration":305,"passed_time":6.310368039,"remaining_time":14.31174973},
{"learn":[1473.084622],"iteration":306,"passed_time":6.326159992,"remaining_time":14.28022435},
{"learn":[1473.041819],"iteration":307,"passed_time":6.344824433,"remaining_time":14.2552549},
{"learn":[1473.004173],"iteration":308,"passed_time":6.362033993,"remaining_time":14.22707278},
{"learn":[1472.958467],"iteration":309,"passed_time":6.380633001,"remaining_time":14.2020541},
{"learn":[1472.918176],"iteration":310,"passed_time":6.403241191,"remaining_time":14.18595878},
{"learn":[1472.879237],"iteration":311,"passed_time":6.416819711,"remaining_time":14.14991013},
{"learn":[1472.841006],"iteration":312,"passed_time":6.432324749,"remaining_time":14.11823356},
{"learn":[1472.803935],"iteration":313,"passed_time":6.446974561,"remaining_time":14.08479156},
{"learn":[1472.771182],"iteration":314,"passed_time":6.464391272,"remaining_time":14.05748578},
{"learn":[1472.742427],"iteration":315,"passed_time":6.482687791,"remaining_time":14.03214699},
{"learn":[1460.926871],"iteration":316,"passed_time":6.511125613,"remaining_time":14.02870282},
{"learn":[1460.884493],"iteration":317,"passed_time":6.529865193,"remaining_time":14.00430208},
{"learn":[1450.052679],"iteration":318,"passed_time":6.556671846,"remaining_time":13.99715839},
{"learn":[1440.128052],"iteration":319,"passed_time":6.583410752,"remaining_time":13.98974785},
{"learn":[1440.089414],"iteration":320,"passed_time":6.60062175,"remaining_time":13.96206283},
{"learn":[1440.055456],"iteration":321,"passed_time":6.620066712,"remaining_time":13.93914668},
{"learn":[1440.025453],"iteration":322,"passed_time":6.642258216,"remaining_time":13.92200871},
{"learn":[1439.990636],"iteration":323,"passed_time":6.66123096,"remaining_time":13.89812385},
{"learn":[1439.961819],"iteration":324,"passed_time":6.684285487,"remaining_time":13.88274678},
{"learn":[1439.928848],"iteration":325,"passed_time":6.703910671,"remaining_time":13.86023249},
{"learn":[1439.899832],"iteration":326,"passed_time":6.722325377,"remaining_time":13.83524458},
{"learn":[1439.869958],"iteration":327,"passed_time":6.741436171,"remaining_time":13.81172289},
{"learn":[1439.843711],"iteration":328,"passed_time":6.761751446,"remaining_time":13.79068456},
{"learn":[1439.81377],"iteration":329,"passed_time":6.777102859,"remaining_time":13.75957247},
{"learn":[1439.788445],"iteration":330,"passed_time":6.795415665,"remaining_time":13.73454103},
{"learn":[1439.759888],"iteration":331,"passed_time":6.81230016,"remaining_time":13.70667622},
{"learn":[1439.734826],"iteration":332,"passed_time":6.827583944,"remaining_time":13.67567114},
{"learn":[1439.712665],"iteration":333,"passed_time":6.841620497,"remaining_time":13.64227321},
{"learn":[1439.684238],"iteration":334,"passed_time":6.860014621,"remaining_time":13.61764096},
{"learn":[1439.659109],"iteration":335,"passed_time":6.878760293,"remaining_time":13.59374058},
{"learn":[1439.635694],"iteration":336,"passed_time":6.896227633,"remaining_time":13.56735585},
{"learn":[1439.615115],"iteration":337,"passed_time":6.913456528,"remaining_time":13.54055687},
{"learn":[1439.589193],"iteration":338,"passed_time":6.929098719,"remaining_time":13.51072051},
{"learn":[1439.569075],"iteration":339,"passed_time":6.948243455,"remaining_time":13.48776671},
{"learn":[1439.227686],"iteration":340,"passed_time":6.974466954,"remaining_time":13.47851532},
{"learn":[1430.671864],"iteration":341,"passed_time":6.999194087,"remaining_time":13.4662857},
{"learn":[1430.378008],"iteration":342,"passed_time":7.022884273,"remaining_time":13.45199699},
{"learn":[1422.539444],"iteration":343,"passed_time":7.045325119,"remaining_time":13.43527116},
{"learn":[1414.766987],"iteration":344,"passed_time":7.070360793,"remaining_time":13.42343861},
{"learn":[1414.738528],"iteration":345,"passed_time":7.085524893,"remaining_time":13.39287075},
{"learn":[1414.721883],"iteration":346,"passed_time":7.101010392,"remaining_time":13.3629965},
{"learn":[1414.707318],"iteration":347,"passed_time":7.118984795,"remaining_time":13.33786806},
{"learn":[1414.679194],"iteration":348,"passed_time":7.134211415,"remaining_time":13.3076551},
{"learn":[1414.664696],"iteration":349,"passed_time":7.153928162,"remaining_time":13.28586659},
{"learn":[1414.638451],"iteration":350,"passed_time":7.168068026,"remaining_time":13.2537782},
{"learn":[1414.624288],"iteration":351,"passed_time":7.186185666,"remaining_time":13.22911452},
{"learn":[1414.611735],"iteration":352,"passed_time":7.20676129,"remaining_time":13.20899307},
{"learn":[1414.585691],"iteration":353,"passed_time":7.222942016,"remaining_time":13.18084899},
{"learn":[1414.573272],"iteration":354,"passed_time":7.239927492,"remaining_time":13.15423446},
{"learn":[1414.562331],"iteration":355,"passed_time":7.25836292,"remaining_time":13.13029697},
{"learn":[1414.552732],"iteration":356,"passed_time":7.277015507,"remaining_time":13.10678143},
{"learn":[1414.525746],"iteration":357,"passed_time":7.291816375,"remaining_time":13.07638579},
{"learn":[1414.516012],"iteration":358,"passed_time":7.310038259,"remaining_time":13.0521853},
{"learn":[1414.507353],"iteration":359,"passed_time":7.327279529,"remaining_time":13.02627472},
{"learn":[1414.499767],"iteration":360,"passed_time":7.345104678,"remaining_time":13.00144568},
{"learn":[1414.493121],"iteration":361,"passed_time":7.363264358,"remaining_time":12.97724492},
{"learn":[1414.464523],"iteration":362,"passed_time":7.378246163,"remaining_time":12.94750084},
{"learn":[1414.457541],"iteration":363,"passed_time":7.39682449,"remaining_time":12.92412191},
{"learn":[1414.431225],"iteration":364,"passed_time":7.413072148,"remaining_time":12.89671456},
{"learn":[1414.407997],"iteration":365,"passed_time":7.428148851,"remaining_time":12.86733981},
{"learn":[1414.387521],"iteration":366,"passed_time":7.443704635,"remaining_time":12.8388693},
{"learn":[1414.369596],"iteration":367,"passed_time":7.459161211,"remaining_time":12.8102986},
{"learn":[1414.353751],"iteration":368,"passed_time":7.474714963,"remaining_time":12.78196515},
{"learn":[1414.33972],"iteration":369,"passed_time":7.490729168,"remaining_time":12.7544848},
{"learn":[1414.327366],"iteration":370,"passed_time":7.506288068,"remaining_time":12.72629433},
{"learn":[1414.316557],"iteration":371,"passed_time":7.520059293,"remaining_time":12.69515386},
{"learn":[1414.301249],"iteration":372,"passed_time":7.539559607,"remaining_time":12.67373693},
{"learn":[1414.287754],"iteration":373,"passed_time":7.556531,"remaining_time":12.64809734},
{"learn":[1414.275736],"iteration":374,"passed_time":7.573847146,"remaining_time":12.62307858},
{"learn":[1414.262979],"iteration":375,"passed_time":7.588573551,"remaining_time":12.59380291},
{"learn":[1414.251834],"iteration":376,"passed_time":7.603717794,"remaining_time":12.56529492},
{"learn":[1414.241762],"iteration":377,"passed_time":7.620013039,"remaining_time":12.53875161},
{"learn":[1414.233034],"iteration":378,"passed_time":7.635708935,"remaining_time":12.51128034},
{"learn":[1414.218531],"iteration":379,"passed_time":7.654938767,"remaining_time":12.48963694},
{"learn":[1414.205774],"iteration":380,"passed_time":7.673340889,"remaining_time":12.46666144},
{"learn":[1414.196038],"iteration":381,"passed_time":7.688822661,"remaining_time":12.43898535},
{"learn":[1414.183817],"iteration":382,"passed_time":7.70704792,"remaining_time":12.4157926},
{"learn":[1414.173007],"iteration":383,"passed_time":7.725629338,"remaining_time":12.39319706},
{"learn":[1414.163607],"iteration":384,"passed_time":7.742930402,"remaining_time":12.36857714},
{"learn":[1411.620379],"iteration":385,"passed_time":7.768626002,"remaining_time":12.3573481},
{"learn":[1411.609482],"iteration":386,"passed_time":7.781941978,"remaining_time":12.32643523},
{"learn":[1411.602755],"iteration":387,"passed_time":7.799035683,"remaining_time":12.30157175},
{"learn":[1411.596701],"iteration":388,"passed_time":7.816370675,"remaining_time":12.2771272},
{"learn":[1411.585804],"iteration":389,"passed_time":7.83311057,"remaining_time":12.25178833},
{"learn":[1411.576117],"iteration":390,"passed_time":7.850055947,"remaining_time":12.22681348},
{"learn":[1411.567506],"iteration":391,"passed_time":7.864195411,"remaining_time":12.19752758},
{"learn":[1411.560107],"iteration":392,"passed_time":7.88154886,"remaining_time":12.17328285},
{"learn":[1411.551967],"iteration":393,"passed_time":7.898140276,"remaining_time":12.14790103},
{"learn":[1411.544769],"iteration":394,"passed_time":7.913204419,"remaining_time":12.12022449},
{"learn":[1411.538378],"iteration":395,"passed_time":7.931481306,"remaining_time":12.09751189},
{"learn":[1411.299075],"iteration":396,"passed_time":7.951373646,"remaining_time":12.07727534},
{"learn":[1411.2908],"iteration":397,"passed_time":7.970613642,"remaining_time":12.0560538},
{"learn":[1411.283466],"iteration":398,"passed_time":7.990890408,"remaining_time":12.03640385},
{"learn":[1411.277007],"iteration":399,"passed_time":8.010486054,"remaining_time":12.01572908},
{"learn":[1401.926204],"iteration":400,"passed_time":8.038005937,"remaining_time":12.00689665},
{"learn":[1401.923223],"iteration":401,"passed_time":8.055984055,"remaining_time":11.98377728},
{"learn":[1401.920582],"iteration":402,"passed_time":8.075400518,"remaining_time":11.96281417},
{"learn":[1401.918211],"iteration":403,"passed_time":8.09143077,"remaining_time":11.93686322},
{"learn":[1401.905071],"iteration":404,"passed_time":8.106478653,"remaining_time":11.90951802},
{"learn":[1401.893692],"iteration":405,"passed_time":8.120568779,"remaining_time":11.88083215},
{"learn":[1401.890711],"iteration":406,"passed_time":8.138990315,"remaining_time":11.85852889},
{"learn":[1401.880077],"iteration":407,"passed_time":8.155059931,"remaining_time":11.83283206},
{"learn":[1401.876894],"iteration":408,"passed_time":8.177416963,"remaining_time":11.81626754},
{"learn":[1401.867072],"iteration":409,"passed_time":8.193019581,"remaining_time":11.78995501},
{"learn":[1401.85847],"iteration":410,"passed_time":8.208583964,"remaining_time":11.76363979},
{"learn":[1401.854677],"iteration":411,"passed_time":8.228074897,"remaining_time":11.74298068},
{"learn":[1401.846548],"iteration":412,"passed_time":8.243666414,"remaining_time":11.71678495},
{"learn":[1401.842755],"iteration":413,"passed_time":8.262679969,"remaining_time":11.69548421},
{"learn":[1401.839504],"iteration":414,"passed_time":8.279491039,"remaining_time":11.67108978},
{"learn":[1401.836523],"iteration":415,"passed_time":8.297347854,"remaining_time":11.64819987},
{"learn":[1401.833949],"iteration":416,"passed_time":8.315906673,"remaining_time":11.62631556},
{"learn":[1401.825008],"iteration":417,"passed_time":8.330995459,"remaining_time":11.59961569},
{"learn":[1401.817151],"iteration":418,"passed_time":8.346001642,"remaining_time":11.57285669},
{"learn":[1401.810241],"iteration":419,"passed_time":8.359231864,"remaining_time":11.54370114},
{"learn":[1401.804077],"iteration":420,"passed_time":8.373987761,"remaining_time":11.51671951},
{"learn":[1401.798726],"iteration":421,"passed_time":8.389688206,"remaining_time":11.49108953},
{"learn":[1401.794323],"iteration":422,"passed_time":8.407560768,"remaining_time":11.46846942},
{"learn":[1401.789242],"iteration":423,"passed_time":8.423545087,"remaining_time":11.44330653},
{"learn":[1401.784839],"iteration":424,"passed_time":8.44168038,"remaining_time":11.42109698},
{"learn":[1401.780978],"iteration":425,"passed_time":8.459201948,"remaining_time":11.39807962},
{"learn":[1401.777659],"iteration":426,"passed_time":8.476453915,"remaining_time":11.37472621},
{"learn":[1401.774746],"iteration":427,"passed_time":8.494223341,"remaining_time":11.35209288},
{"learn":[1401.772104],"iteration":428,"passed_time":8.51155359,"remaining_time":11.32889767},
{"learn":[1401.769869],"iteration":429,"passed_time":8.52971182,"remaining_time":11.3068273},
{"learn":[1401.763027],"iteration":430,"passed_time":8.545956167,"remaining_time":11.2822484},
{"learn":[1401.756998],"iteration":431,"passed_time":8.561682873,"remaining_time":11.25702748},
{"learn":[1401.751647],"iteration":432,"passed_time":8.577433721,"remaining_time":11.23188203},
{"learn":[1401.748599],"iteration":433,"passed_time":8.595731519,"remaining_time":11.21010147},
{"learn":[1401.743586],"iteration":434,"passed_time":8.610598937,"remaining_time":11.18388138},
{"learn":[1401.740537],"iteration":435,"passed_time":8.627595465,"remaining_time":11.16046753},
{"learn":[1401.735795],"iteration":436,"passed_time":8.643143176,"remaining_time":11.13521649},
{"learn":[1401.732883],"iteration":437,"passed_time":8.662373299,"remaining_time":11.11473469},
{"learn":[1401.728412],"iteration":438,"passed_time":8.677144911,"remaining_time":11.08856104},
{"learn":[1401.725431],"iteration":439,"passed_time":8.694171462,"remaining_time":11.06530913},
{"learn":[1401.721163],"iteration":440,"passed_time":8.708991756,"remaining_time":11.03928887},
{"learn":[1401.718183],"iteration":441,"passed_time":8.731569792,"remaining_time":11.023113},
{"learn":[1401.71405],"iteration":442,"passed_time":8.750290163,"remaining_time":11.00205783},
{"learn":[1401.711273],"iteration":443,"passed_time":8.770297355,"remaining_time":10.98262462},
{"learn":[1401.707412],"iteration":444,"passed_time":8.78633087,"remaining_time":10.95823288},
{"learn":[1401.704566],"iteration":445,"passed_time":8.80558593,"remaining_time":10.93788028},
{"learn":[1399.484772],"iteration":446,"passed_time":8.831693279,"remaining_time":10.92600981},
{"learn":[1399.483415],"iteration":447,"passed_time":8.850358606,"remaining_time":10.90490614},
{"learn":[1399.482261],"iteration":448,"passed_time":8.869029654,"remaining_time":10.88382035},
{"learn":[1399.481311],"iteration":449,"passed_time":8.887642002,"remaining_time":10.86267356},
{"learn":[1399.476901],"iteration":450,"passed_time":8.902950111,"remaining_time":10.83751577},
{"learn":[1399.475748],"iteration":451,"passed_time":8.92059802,"remaining_time":10.81523831},
{"learn":[1399.471744],"iteration":452,"passed_time":8.936181216,"remaining_time":10.79048814},
{"learn":[1399.468216],"iteration":453,"passed_time":8.950175805,"remaining_time":10.76386782},
{"learn":[1399.465095],"iteration":454,"passed_time":8.965829118,"remaining_time":10.73928982},
{"learn":[1399.463534],"iteration":455,"passed_time":8.983901892,"remaining_time":10.71763734},
{"learn":[1399.460617],"iteration":456,"passed_time":8.998677309,"remaining_time":10.69208267},
{"learn":[1399.459124],"iteration":457,"passed_time":9.016136568,"remaining_time":10.66975113},
{"learn":[1399.457699],"iteration":458,"passed_time":9.034575326,"remaining_time":10.64859532},
{"learn":[1399.456478],"iteration":459,"passed_time":9.053231023,"remaining_time":10.62770598},
{"learn":[1399.453357],"iteration":460,"passed_time":9.069157054,"remaining_time":10.60363482},
{"learn":[1399.452067],"iteration":461,"passed_time":9.089011961,"remaining_time":10.5841741},
{"learn":[1399.449218],"iteration":462,"passed_time":9.103930151,"remaining_time":10.55898594},
{"learn":[1399.447928],"iteration":463,"passed_time":9.122444158,"remaining_time":10.53799584},
{"learn":[1399.445214],"iteration":464,"passed_time":9.137666876,"remaining_time":10.51322963},
{"learn":[1399.443925],"iteration":465,"passed_time":9.1559262,"remaining_time":10.4919841},
{"learn":[1399.441347],"iteration":466,"passed_time":9.174458996,"remaining_time":10.47106348},
{"learn":[1399.439176],"iteration":467,"passed_time":9.192479554,"remaining_time":10.44957077},
{"learn":[1399.43714],"iteration":468,"passed_time":9.210006372,"remaining_time":10.42753387},
{"learn":[1399.264241],"iteration":469,"passed_time":9.225509148,"remaining_time":10.40323372},
{"learn":[1390.461444],"iteration":470,"passed_time":9.252352516,"remaining_time":10.39170803},
{"learn":[1390.45878],"iteration":471,"passed_time":9.268367777,"remaining_time":10.36800463},
{"learn":[1390.456459],"iteration":472,"passed_time":9.283506524,"remaining_time":10.34335716},
{"learn":[1390.299176],"iteration":473,"passed_time":9.300033196,"remaining_time":10.32029},
{"learn":[1390.297127],"iteration":474,"passed_time":9.31530714,"remaining_time":10.29586579},
{"learn":[1390.295351],"iteration":475,"passed_time":9.333652932,"remaining_time":10.27486163},
{"learn":[1382.000374],"iteration":476,"passed_time":9.360117245,"remaining_time":10.26277006},
{"learn":[1381.85436],"iteration":477,"passed_time":9.375914583,"remaining_time":10.23896948},
{"learn":[1375.965771],"iteration":478,"passed_time":9.398731344,"remaining_time":10.22283722},
{"learn":[1368.510429],"iteration":479,"passed_time":9.425149182,"remaining_time":10.21057828},
{"learn":[1368.509874],"iteration":480,"passed_time":9.443242537,"remaining_time":10.18927833},
{"learn":[1368.375398],"iteration":481,"passed_time":9.460413846,"remaining_time":10.16700077},
{"learn":[1368.374704],"iteration":482,"passed_time":9.485740451,"remaining_time":10.15347373},
{"learn":[1368.25569],"iteration":483,"passed_time":9.501828018,"remaining_time":10.13004805},
{"learn":[1368.254649],"iteration":484,"passed_time":9.520019836,"remaining_time":10.10888704},
{"learn":[1368.253677],"iteration":485,"passed_time":9.538322964,"remaining_time":10.08785597},
{"learn":[1368.252914],"iteration":486,"passed_time":9.557430823,"remaining_time":10.0676838},
{"learn":[1361.225491],"iteration":487,"passed_time":9.584888926,"remaining_time":10.05627691},
{"learn":[1361.114572],"iteration":488,"passed_time":9.600801912,"remaining_time":10.03273983},
{"learn":[1356.36379],"iteration":489,"passed_time":9.621685086,"remaining_time":10.01440693},
{"learn":[1356.361409],"iteration":490,"passed_time":9.638794446,"remaining_time":9.992151472},
{"learn":[1356.359449],"iteration":491,"passed_time":9.656823275,"remaining_time":9.970866309},
{"learn":[1356.357559],"iteration":492,"passed_time":9.675326311,"remaining_time":9.950082028},
{"learn":[1356.355949],"iteration":493,"passed_time":9.694557364,"remaining_time":9.930052684},
{"learn":[1350.035621],"iteration":494,"passed_time":9.721550999,"remaining_time":9.917945968},
{"learn":[1350.034988],"iteration":495,"passed_time":9.740951418,"remaining_time":9.898063538},
{"learn":[1350.034355],"iteration":496,"passed_time":9.760095588,"remaining_time":9.877923704},
{"learn":[1349.928988],"iteration":497,"passed_time":9.775803604,"remaining_time":9.854324114},
{"learn":[1349.928285],"iteration":498,"passed_time":9.793734008,"remaining_time":9.832987451},
{"learn":[1343.975766],"iteration":499,"passed_time":9.823033879,"remaining_time":9.823033879},
{"learn":[1343.975272],"iteration":500,"passed_time":9.840896679,"remaining_time":9.801611663},
{"learn":[1343.974919],"iteration":501,"passed_time":9.858975833,"remaining_time":9.780418257},
{"learn":[1343.877202],"iteration":502,"passed_time":9.874226042,"remaining_time":9.756442033},
{"learn":[1343.876708],"iteration":503,"passed_time":9.89273792,"remaining_time":9.735710334},
{"learn":[1340.055112],"iteration":504,"passed_time":9.917449568,"remaining_time":9.721064428},
{"learn":[1340.054829],"iteration":505,"passed_time":9.9355836,"remaining_time":9.699957111},
{"learn":[1340.054474],"iteration":506,"passed_time":9.953919537,"remaining_time":9.679057853},
{"learn":[1334.021314],"iteration":507,"passed_time":9.980705462,"remaining_time":9.666352534},
{"learn":[1333.937462],"iteration":508,"passed_time":9.99655092,"remaining_time":9.643038314},
{"learn":[1333.93675],"iteration":509,"passed_time":10.01760181,"remaining_time":9.624754682},
{"learn":[1333.862645],"iteration":510,"passed_time":10.03331289,"remaining_time":9.601350303},
{"learn":[1333.861862],"iteration":511,"passed_time":10.05262357,"remaining_time":9.581406844},
{"learn":[1333.861079],"iteration":512,"passed_time":10.06974761,"remaining_time":9.55939003},
{"learn":[1328.531158],"iteration":513,"passed_time":10.09763855,"remaining_time":9.547572638},
{"learn":[1328.530158],"iteration":514,"passed_time":10.11611461,"remaining_time":9.526826381},
{"learn":[1328.46104],"iteration":515,"passed_time":10.13188749,"remaining_time":9.50355338},
{"learn":[1328.400068],"iteration":516,"passed_time":10.14792561,"remaining_time":9.480557191},
{"learn":[1328.398996],"iteration":517,"passed_time":10.16777456,"remaining_time":9.461133855},
{"learn":[1323.373371],"iteration":518,"passed_time":10.19700693,"remaining_time":9.450405265},
{"learn":[1323.372008],"iteration":519,"passed_time":10.21521861,"remaining_time":9.429432568},
{"learn":[1323.315035],"iteration":520,"passed_time":10.23125643,"remaining_time":9.406471847},
{"learn":[1323.313815],"iteration":521,"passed_time":10.24830497,"remaining_time":9.384463168},
{"learn":[1318.577491],"iteration":522,"passed_time":10.27501579,"remaining_time":9.371285907},
{"learn":[1318.571946],"iteration":523,"passed_time":10.2938311,"remaining_time":9.35088474},
{"learn":[1318.519231],"iteration":524,"passed_time":10.30900857,"remaining_time":9.327198229},
{"learn":[1318.514766],"iteration":525,"passed_time":10.32609178,"remaining_time":9.305261414},
{"learn":[1318.468458],"iteration":526,"passed_time":10.34227105,"remaining_time":9.282531702},
{"learn":[1318.464785],"iteration":527,"passed_time":10.35979383,"remaining_time":9.261027819},
{"learn":[1318.461472],"iteration":528,"passed_time":10.38446144,"remaining_time":9.245900449},
{"learn":[1318.458663],"iteration":529,"passed_time":10.40853283,"remaining_time":9.230208357},
{"learn":[1318.456142],"iteration":530,"passed_time":10.4304905,"remaining_time":9.212617788},
{"learn":[1318.45391],"iteration":531,"passed_time":10.4483591,"remaining_time":9.191413646},
{"learn":[1318.413866],"iteration":532,"passed_time":10.46400639,"remaining_time":9.16827577},
{"learn":[1318.412065],"iteration":533,"passed_time":10.48215162,"remaining_time":9.147345796},
{"learn":[1318.410337],"iteration":534,"passed_time":10.49999885,"remaining_time":9.126167228},
{"learn":[1318.408896],"iteration":535,"passed_time":10.51959141,"remaining_time":9.106511968},
{"learn":[1318.373821],"iteration":536,"passed_time":10.53570106,"remaining_time":9.083853987},
{"learn":[1318.342778],"iteration":537,"passed_time":10.55127728,"remaining_time":9.060762272},
{"learn":[1318.315479],"iteration":538,"passed_time":10.56687033,"remaining_time":9.037712839},
{"learn":[1318.314255],"iteration":539,"passed_time":10.58425903,"remaining_time":9.016220651},
{"learn":[1318.290053],"iteration":540,"passed_time":10.59826482,"remaining_time":8.99187348},
{"learn":[1315.455607],"iteration":541,"passed_time":10.6225138,"remaining_time":8.976220148},
{"learn":[1311.146715],"iteration":542,"passed_time":10.65557042,"remaining_time":8.967947852},
{"learn":[1311.144832],"iteration":543,"passed_time":10.6764669,"remaining_time":8.94939137},
{"learn":[1311.143239],"iteration":544,"passed_time":10.69751982,"remaining_time":8.930956911},
{"learn":[1311.141718],"iteration":545,"passed_time":10.7201243,"remaining_time":8.913802988},
{"learn":[1311.118253],"iteration":546,"passed_time":10.73792841,"remaining_time":8.892653689},
{"learn":[1311.117022],"iteration":547,"passed_time":10.75563574,"remaining_time":8.871436781},
{"learn":[1311.096381],"iteration":548,"passed_time":10.77123769,"remaining_time":8.84850309},
{"learn":[1311.078058],"iteration":549,"passed_time":10.78569069,"remaining_time":8.824656016},
{"learn":[1307.012449],"iteration":550,"passed_time":10.81290842,"remaining_time":8.81124479},
{"learn":[1306.970457],"iteration":551,"passed_time":10.82946509,"remaining_time":8.789131091},
{"learn":[1304.697853],"iteration":552,"passed_time":10.85172305,"remaining_time":8.771645941},
{"learn":[1304.661826],"iteration":553,"passed_time":10.86505343,"remaining_time":8.746956371},
{"learn":[1304.659934],"iteration":554,"passed_time":10.88064961,"remaining_time":8.724124462},
{"learn":[1304.627764],"iteration":555,"passed_time":10.89620333,"remaining_time":8.701284677},
{"learn":[1304.62558],"iteration":556,"passed_time":10.91526877,"remaining_time":8.681264032},
{"learn":[1304.596612],"iteration":557,"passed_time":10.93531517,"remaining_time":8.662023848},
{"learn":[1304.59421],"iteration":558,"passed_time":10.95237704,"remaining_time":8.640426253},
{"learn":[1304.592099],"iteration":559,"passed_time":10.96808393,"remaining_time":8.617780229},
{"learn":[1304.590207],"iteration":560,"passed_time":10.98335979,"remaining_time":8.594821657},
{"learn":[1304.563203],"iteration":561,"passed_time":10.99999786,"remaining_time":8.572952066},
{"learn":[1304.562985],"iteration":562,"passed_time":11.01535327,"remaining_time":8.550105467},
{"learn":[1304.562839],"iteration":563,"passed_time":11.03105502,"remaining_time":8.52755317},
{"learn":[1304.562694],"iteration":564,"passed_time":11.04654629,"remaining_time":8.504863075},
{"learn":[1304.562548],"iteration":565,"passed_time":11.06213567,"remaining_time":8.482273639},
{"learn":[1304.562403],"iteration":566,"passed_time":11.07746107,"remaining_time":8.459507309},
{"learn":[1304.556871],"iteration":567,"passed_time":11.09267117,"remaining_time":8.436679484},
{"learn":[1304.552067],"iteration":568,"passed_time":11.10840391,"remaining_time":8.414274311},
{"learn":[1304.547845],"iteration":569,"passed_time":11.12378984,"remaining_time":8.39163093},
{"learn":[1304.547845],"iteration":570,"passed_time":11.13972323,"remaining_time":8.369424281},
{"learn":[1304.544206],"iteration":571,"passed_time":11.15354532,"remaining_time":8.345659783},
{"learn":[1300.864885],"iteration":572,"passed_time":11.18186052,"remaining_time":8.332730264},
{"learn":[1300.860432],"iteration":573,"passed_time":11.19710356,"remaining_time":8.3100455},
{"learn":[1300.856636],"iteration":574,"passed_time":11.21264061,"remaining_time":8.287603926},
{"learn":[1300.85649],"iteration":575,"passed_time":11.22838014,"remaining_time":8.265335379},
{"learn":[1298.918793],"iteration":576,"passed_time":11.251158,"remaining_time":8.248249278},
{"learn":[1298.915284],"iteration":577,"passed_time":11.2659008,"remaining_time":8.225277058},
{"learn":[1298.915137],"iteration":578,"passed_time":11.28185318,"remaining_time":8.203212763},
{"learn":[1298.914991],"iteration":579,"passed_time":11.29719477,"remaining_time":8.180727244},
{"learn":[1298.911994],"iteration":580,"passed_time":11.31303294,"remaining_time":8.158624443},
{"learn":[1298.911921],"iteration":581,"passed_time":11.32868122,"remaining_time":8.136406784},
{"learn":[1298.909289],"iteration":582,"passed_time":11.3447724,"remaining_time":8.114528455},
{"learn":[1298.909143],"iteration":583,"passed_time":11.36017495,"remaining_time":8.092179415},
{"learn":[1298.909143],"iteration":584,"passed_time":11.37506229,"remaining_time":8.069488633},
{"learn":[1298.909216],"iteration":585,"passed_time":11.39051378,"remaining_time":8.047223046},
{"learn":[1298.909143],"iteration":586,"passed_time":11.40581949,"remaining_time":8.024878109},
{"learn":[1298.906877],"iteration":587,"passed_time":11.42098277,"remaining_time":8.002457316},
{"learn":[1298.906804],"iteration":588,"passed_time":11.43603386,"remaining_time":7.979982877},
{"learn":[1298.906804],"iteration":589,"passed_time":11.45000229,"remaining_time":7.956781252},
{"learn":[1298.90673],"iteration":590,"passed_time":11.46530855,"remaining_time":7.934536711},
{"learn":[1298.906657],"iteration":591,"passed_time":11.48028669,"remaining_time":7.912089479},
{"learn":[1298.904757],"iteration":592,"passed_time":11.49528489,"remaining_time":7.889681197},
{"learn":[1298.903148],"iteration":593,"passed_time":11.51075692,"remaining_time":7.86762173},
{"learn":[1298.901686],"iteration":594,"passed_time":11.52641207,"remaining_time":7.845709054},
{"learn":[1298.901686],"iteration":595,"passed_time":11.54234683,"remaining_time":7.824006911},
{"learn":[1298.901613],"iteration":596,"passed_time":11.55761378,"remaining_time":7.801873286},
{"learn":[1298.90037],"iteration":597,"passed_time":11.57296238,"remaining_time":7.779817521},
{"learn":[1298.900297],"iteration":598,"passed_time":11.5867044,"remaining_time":7.756708621},
{"learn":[1298.899054],"iteration":599,"passed_time":11.60195537,"remaining_time":7.734636915},
{"learn":[1298.899054],"iteration":600,"passed_time":11.62203487,"remaining_time":7.715793532},
{"learn":[1298.898031],"iteration":601,"passed_time":11.63781988,"remaining_time":7.694106829},
{"learn":[1298.897154],"iteration":602,"passed_time":11.65313298,"remaining_time":7.672129012},
{"learn":[1298.897154],"iteration":603,"passed_time":11.66820324,"remaining_time":7.650014042},
{"learn":[1298.897154],"iteration":604,"passed_time":11.68312754,"remaining_time":7.627827074},
{"learn":[1298.897154],"iteration":605,"passed_time":11.69951818,"remaining_time":7.60661743},
{"learn":[1298.896276],"iteration":606,"passed_time":11.71338258,"remaining_time":7.583788064},
{"learn":[1298.896276],"iteration":607,"passed_time":11.72876211,"remaining_time":7.561965045},
{"learn":[1298.896276],"iteration":608,"passed_time":11.74420106,"remaining_time":7.540201335},
{"learn":[1298.896203],"iteration":609,"passed_time":11.76020882,"remaining_time":7.518822035},
{"learn":[1298.895545],"iteration":610,"passed_time":11.77956808,"remaining_time":7.499594082},
{"learn":[1298.778719],"iteration":611,"passed_time":11.79575968,"remaining_time":7.478357442},
{"learn":[1298.778719],"iteration":612,"passed_time":11.81108178,"remaining_time":7.456588333},
{"learn":[1298.778573],"iteration":613,"passed_time":11.8262465,"remaining_time":7.434741288},
{"learn":[1297.004703],"iteration":614,"passed_time":11.8479912,"remaining_time":7.417035142},
{"learn":[1296.901544],"iteration":615,"passed_time":11.86271603,"remaining_time":7.394939865},
{"learn":[1296.810678],"iteration":616,"passed_time":11.87761249,"remaining_time":7.372975015},
{"learn":[1290.040443],"iteration":617,"passed_time":11.90852834,"remaining_time":7.360934996},
{"learn":[1290.040001],"iteration":618,"passed_time":11.92846202,"remaining_time":7.342074364},
{"learn":[1289.957265],"iteration":619,"passed_time":11.94379263,"remaining_time":7.320389029},
{"learn":[1289.942395],"iteration":620,"passed_time":11.96189588,"remaining_time":7.300416324},
{"learn":[1289.461102],"iteration":621,"passed_time":11.98266765,"remaining_time":7.282071335},
{"learn":[1289.44608],"iteration":622,"passed_time":12.00047047,"remaining_time":7.26192194},
{"learn":[1289.01882],"iteration":623,"passed_time":12.02174629,"remaining_time":7.243872766},
{"learn":[1289.003572],"iteration":624,"passed_time":12.04052312,"remaining_time":7.224313873},
{"learn":[1288.624284],"iteration":625,"passed_time":12.06183273,"remaining_time":7.206270674},
{"learn":[1288.608883],"iteration":626,"passed_time":12.08340991,"remaining_time":7.188376233},
{"learn":[1288.595251],"iteration":627,"passed_time":12.10153982,"remaining_time":7.168428046},
{"learn":[1288.583092],"iteration":628,"passed_time":12.1204579,"remaining_time":7.148950525},
{"learn":[1288.572334],"iteration":629,"passed_time":12.13847341,"remaining_time":7.128944704},
{"learn":[1288.230217],"iteration":630,"passed_time":12.15896733,"remaining_time":7.110394525},
{"learn":[1288.219013],"iteration":631,"passed_time":12.17778433,"remaining_time":7.090861764},
{"learn":[1288.209062],"iteration":632,"passed_time":12.19321256,"remaining_time":7.069366526},
{"learn":[1287.90364],"iteration":633,"passed_time":12.21388181,"remaining_time":7.050915998},
{"learn":[1287.893171],"iteration":634,"passed_time":12.23151735,"remaining_time":7.030714695},
{"learn":[1287.621671],"iteration":635,"passed_time":12.25212016,"remaining_time":7.012219716},
{"learn":[1287.611936],"iteration":636,"passed_time":12.26686248,"remaining_time":6.990378462},
{"learn":[1287.603308],"iteration":637,"passed_time":12.28200476,"remaining_time":6.968786398},
{"learn":[1287.595565],"iteration":638,"passed_time":12.29692352,"remaining_time":6.94708825},
{"learn":[1287.351441],"iteration":639,"passed_time":12.3173573,"remaining_time":6.928513481},
{"learn":[1287.135748],"iteration":640,"passed_time":12.33789243,"remaining_time":6.909989674},
{"learn":[1287.126157],"iteration":641,"passed_time":12.35293355,"remaining_time":6.88839597},
{"learn":[1286.934185],"iteration":642,"passed_time":12.37366189,"remaining_time":6.869980239},
{"learn":[1286.924298],"iteration":643,"passed_time":12.38889583,"remaining_time":6.848520054},
{"learn":[1286.753401],"iteration":644,"passed_time":12.40920559,"remaining_time":6.829872843},
{"learn":[1286.743217],"iteration":645,"passed_time":12.42456633,"remaining_time":6.808508487},
{"learn":[1286.734362],"iteration":646,"passed_time":12.43967139,"remaining_time":6.787023186},
{"learn":[1286.726392],"iteration":647,"passed_time":12.45486879,"remaining_time":6.765607737},
{"learn":[1286.571558],"iteration":648,"passed_time":12.48153424,"remaining_time":6.750413743},
{"learn":[1286.434716],"iteration":649,"passed_time":12.50274674,"remaining_time":6.732248247},
{"learn":[1286.313953],"iteration":650,"passed_time":12.5257694,"remaining_time":6.715043811},
{"learn":[1286.303027],"iteration":651,"passed_time":12.54112094,"remaining_time":6.693727128},
{"learn":[1286.293578],"iteration":652,"passed_time":12.55772095,"remaining_time":6.673092141},
{"learn":[1286.184318],"iteration":653,"passed_time":12.57800826,"remaining_time":6.654420274},
{"learn":[1286.087896],"iteration":654,"passed_time":12.59889013,"remaining_time":6.636056636},
{"learn":[1286.002543],"iteration":655,"passed_time":12.62015814,"remaining_time":6.617887805},
{"learn":[1285.990581],"iteration":656,"passed_time":12.63597872,"remaining_time":6.596865604},
{"learn":[1285.979948],"iteration":657,"passed_time":12.65161967,"remaining_time":6.575765846},
{"learn":[1285.902341],"iteration":658,"passed_time":12.67340733,"remaining_time":6.557863279},
{"learn":[1285.891781],"iteration":659,"passed_time":12.69003307,"remaining_time":6.537289763},
{"learn":[1285.822145],"iteration":660,"passed_time":12.71123764,"remaining_time":6.519076488},
{"learn":[1285.811806],"iteration":661,"passed_time":12.72816722,"remaining_time":6.498671483},
{"learn":[1285.749181],"iteration":662,"passed_time":12.75099881,"remaining_time":6.481276922},
{"learn":[1285.694012],"iteration":663,"passed_time":12.77447178,"remaining_time":6.464190537},
{"learn":[1285.68286],"iteration":664,"passed_time":12.79420981,"remaining_time":6.445203437},
{"learn":[1285.633006],"iteration":665,"passed_time":12.8187714,"remaining_time":6.428633106},
{"learn":[1285.622075],"iteration":666,"passed_time":12.83502764,"remaining_time":6.407892359},
{"learn":[1285.577019],"iteration":667,"passed_time":12.85549098,"remaining_time":6.389255997},
{"learn":[1285.566383],"iteration":668,"passed_time":12.87052161,"remaining_time":6.367926239},
{"learn":[1285.525684],"iteration":669,"passed_time":12.89070467,"remaining_time":6.349153047},
{"learn":[1285.489711],"iteration":670,"passed_time":12.91102413,"remaining_time":6.330442533},
{"learn":[1285.457874],"iteration":671,"passed_time":12.93455159,"remaining_time":6.313293039},
{"learn":[1285.445981],"iteration":672,"passed_time":12.95134971,"remaining_time":6.292854913},
{"learn":[1285.417024],"iteration":673,"passed_time":12.97366553,"remaining_time":6.275096384},
{"learn":[1285.391317],"iteration":674,"passed_time":12.99661853,"remaining_time":6.257631146},
{"learn":[1285.379054],"iteration":675,"passed_time":13.01355178,"remaining_time":6.237264461},
{"learn":[1285.368194],"iteration":676,"passed_time":13.03016905,"remaining_time":6.216757167},
{"learn":[1285.358591],"iteration":677,"passed_time":13.04573625,"remaining_time":6.195762644},
{"learn":[1285.350021],"iteration":678,"passed_time":13.06241913,"remaining_time":6.175311547},
{"learn":[1285.324312],"iteration":679,"passed_time":13.08270601,"remaining_time":6.156567536},
{"learn":[1285.301632],"iteration":680,"passed_time":13.105067,"remaining_time":6.138790565},
{"learn":[1285.292619],"iteration":681,"passed_time":13.12068238,"remaining_time":6.117854833},
{"learn":[1282.063322],"iteration":682,"passed_time":13.14597305,"remaining_time":6.101425268},
{"learn":[1282.045176],"iteration":683,"passed_time":13.16694882,"remaining_time":6.082976356},
{"learn":[1282.033474],"iteration":684,"passed_time":13.18307735,"remaining_time":6.062291046},
{"learn":[1282.02303],"iteration":685,"passed_time":13.19918347,"remaining_time":6.041608759},
{"learn":[1282.005625],"iteration":686,"passed_time":13.2199551,"remaining_time":6.023065422},
{"learn":[1281.995625],"iteration":687,"passed_time":13.23444129,"remaining_time":6.001665234},
{"learn":[1281.979478],"iteration":688,"passed_time":13.2547315,"remaining_time":5.98290493},
{"learn":[1281.965257],"iteration":689,"passed_time":13.2761105,"remaining_time":5.964629355},
{"learn":[1281.952739],"iteration":690,"passed_time":13.29763218,"remaining_time":5.9464086},
{"learn":[1281.941628],"iteration":691,"passed_time":13.31933578,"remaining_time":5.928259276},
{"learn":[1281.930443],"iteration":692,"passed_time":13.33435178,"remaining_time":5.907137082},
{"learn":[1281.919925],"iteration":693,"passed_time":13.35506789,"remaining_time":5.888545784},
{"learn":[1281.91074],"iteration":694,"passed_time":13.37844057,"remaining_time":5.871114207},
{"learn":[1281.899555],"iteration":695,"passed_time":13.39431345,"remaining_time":5.850389781},
{"learn":[1281.889555],"iteration":696,"passed_time":13.41002794,"remaining_time":5.829610426},
{"learn":[1281.880888],"iteration":697,"passed_time":13.42650586,"remaining_time":5.809175888},
{"learn":[1278.756815],"iteration":698,"passed_time":13.4463873,"remaining_time":5.790218279},
{"learn":[1278.748795],"iteration":699,"passed_time":13.46733437,"remaining_time":5.771714729},
{"learn":[1278.737656],"iteration":700,"passed_time":13.48374085,"remaining_time":5.751267493},
{"learn":[1278.500605],"iteration":701,"passed_time":13.50547891,"remaining_time":5.733095036},
{"learn":[1278.491693],"iteration":702,"passed_time":13.52189638,"remaining_time":5.712664614},
{"learn":[1278.481369],"iteration":703,"passed_time":13.53978611,"remaining_time":5.692864616},
{"learn":[1278.472382],"iteration":704,"passed_time":13.55753274,"remaining_time":5.673010155},
{"learn":[1278.464212],"iteration":705,"passed_time":13.57478965,"remaining_time":5.652957728},
{"learn":[1278.457156],"iteration":706,"passed_time":13.59238302,"remaining_time":5.633052653},
{"learn":[1278.450843],"iteration":707,"passed_time":13.61015242,"remaining_time":5.613226702},
{"learn":[1278.445198],"iteration":708,"passed_time":13.62840872,"remaining_time":5.5936064},
{"learn":[1278.434206],"iteration":709,"passed_time":13.64733358,"remaining_time":5.574263012},
{"learn":[1278.42455],"iteration":710,"passed_time":13.66239534,"remaining_time":5.553350569},
{"learn":[1278.20319],"iteration":711,"passed_time":13.6803946,"remaining_time":5.533642759},
{"learn":[1278.195241],"iteration":712,"passed_time":13.70037851,"remaining_time":5.514738614},
{"learn":[1277.995612],"iteration":713,"passed_time":13.72146859,"remaining_time":5.496274534},
{"learn":[1277.986547],"iteration":714,"passed_time":13.74209195,"remaining_time":5.477617072},
{"learn":[1277.978671],"iteration":715,"passed_time":13.76041903,"remaining_time":5.458043302},
{"learn":[1277.799146],"iteration":716,"passed_time":13.78262097,"remaining_time":5.440002419},
{"learn":[1277.79283],"iteration":717,"passed_time":13.80143853,"remaining_time":5.420620703},
{"learn":[1277.633198],"iteration":718,"passed_time":13.82583279,"remaining_time":5.403420047},
{"learn":[1277.490344],"iteration":719,"passed_time":13.84733629,"remaining_time":5.385075225},
{"learn":[1277.474363],"iteration":720,"passed_time":13.86587461,"remaining_time":5.365574225},
{"learn":[1277.46024],"iteration":721,"passed_time":13.88407209,"remaining_time":5.345944654},
{"learn":[1277.447604],"iteration":722,"passed_time":13.90413068,"remaining_time":5.327032088},
{"learn":[1277.441806],"iteration":723,"passed_time":13.91935029,"remaining_time":5.306271659},
{"learn":[1277.434521],"iteration":724,"passed_time":13.93514393,"remaining_time":5.28574425},
{"learn":[1277.428128],"iteration":725,"passed_time":13.94888071,"remaining_time":5.264453599},
{"learn":[1277.422479],"iteration":726,"passed_time":13.96341417,"remaining_time":5.243482899},
{"learn":[1277.285549],"iteration":727,"passed_time":13.98459721,"remaining_time":5.225014343},
{"learn":[1277.279527],"iteration":728,"passed_time":14.00081631,"remaining_time":5.204693032},
{"learn":[1277.273208],"iteration":729,"passed_time":14.01689497,"remaining_time":5.184331015},
{"learn":[1277.15024],"iteration":730,"passed_time":14.03811373,"remaining_time":5.16587222},
{"learn":[1277.143697],"iteration":731,"passed_time":14.05366321,"remaining_time":5.145330246},
{"learn":[1277.137898],"iteration":732,"passed_time":14.06911514,"remaining_time":5.124766362},
{"learn":[1277.02607],"iteration":733,"passed_time":14.08970252,"remaining_time":5.10607748},
{"learn":[1277.020122],"iteration":734,"passed_time":14.10527835,"remaining_time":5.085576549},
{"learn":[1277.014768],"iteration":735,"passed_time":14.12088458,"remaining_time":5.065099902},
{"learn":[1277.010158],"iteration":736,"passed_time":14.1362379,"remaining_time":5.044546225},
{"learn":[1277.006068],"iteration":737,"passed_time":14.15326492,"remaining_time":5.024600823},
{"learn":[1277.002425],"iteration":738,"passed_time":14.16981064,"remaining_time":5.004493338},
{"learn":[1276.999153],"iteration":739,"passed_time":14.18607562,"remaining_time":4.984296839},
{"learn":[1276.991122],"iteration":740,"passed_time":14.20200347,"remaining_time":4.963993117},
{"learn":[1276.987925],"iteration":741,"passed_time":14.21705428,"remaining_time":4.943396234},
{"learn":[1276.985025],"iteration":742,"passed_time":14.23169008,"remaining_time":4.922670727},
{"learn":[1276.982571],"iteration":743,"passed_time":14.24571272,"remaining_time":4.901750612},
{"learn":[1276.98034],"iteration":744,"passed_time":14.26454198,"remaining_time":4.882494235},
{"learn":[1276.874076],"iteration":745,"passed_time":14.28579025,"remaining_time":4.864062632},
{"learn":[1276.866193],"iteration":746,"passed_time":14.30287203,"remaining_time":4.844212349},
{"learn":[1276.863442],"iteration":747,"passed_time":14.3188905,"remaining_time":4.824011239},
{"learn":[1276.860988],"iteration":748,"passed_time":14.33392093,"remaining_time":4.803490192},
{"learn":[1276.858757],"iteration":749,"passed_time":14.34891497,"remaining_time":4.782971657},
{"learn":[1276.762672],"iteration":750,"passed_time":14.36873831,"remaining_time":4.764069027},
{"learn":[1276.760143],"iteration":751,"passed_time":14.38337604,"remaining_time":4.743453801},
{"learn":[1276.757912],"iteration":752,"passed_time":14.39861403,"remaining_time":4.723051347},
{"learn":[1276.756127],"iteration":753,"passed_time":14.41404495,"remaining_time":4.702725542},
{"learn":[1276.754416],"iteration":754,"passed_time":14.42944542,"remaining_time":4.682402819},
{"learn":[1276.752855],"iteration":755,"passed_time":14.44678397,"remaining_time":4.662718636},
{"learn":[1276.75159],"iteration":756,"passed_time":14.46378028,"remaining_time":4.642930791},
{"learn":[1276.750475],"iteration":757,"passed_time":14.4797137,"remaining_time":4.62281097},
{"learn":[1276.662563],"iteration":758,"passed_time":14.49846978,"remaining_time":4.603598442},
{"learn":[1276.585282],"iteration":759,"passed_time":14.51717732,"remaining_time":4.584371787},
{"learn":[1276.582455],"iteration":760,"passed_time":14.53307402,"remaining_time":4.564263721},
{"learn":[1276.579852],"iteration":761,"passed_time":14.5486071,"remaining_time":4.544053136},
{"learn":[1276.509782],"iteration":762,"passed_time":14.56717078,"remaining_time":4.524796165},
{"learn":[1276.506583],"iteration":763,"passed_time":14.58258747,"remaining_time":4.504568906},
{"learn":[1276.503682],"iteration":764,"passed_time":14.59871411,"remaining_time":4.484572308},
{"learn":[1276.439856],"iteration":765,"passed_time":14.61700468,"remaining_time":4.46524686},
{"learn":[1276.383764],"iteration":766,"passed_time":14.63617006,"remaining_time":4.446189862},
{"learn":[1276.334217],"iteration":767,"passed_time":14.65537704,"remaining_time":4.427145146},
{"learn":[1276.290619],"iteration":768,"passed_time":14.67360713,"remaining_time":4.407806563},
{"learn":[1276.252228],"iteration":769,"passed_time":14.69240268,"remaining_time":4.388639761},
{"learn":[1276.21845],"iteration":770,"passed_time":14.71059528,"remaining_time":4.369294836},
{"learn":[1275.393194],"iteration":771,"passed_time":14.73782337,"remaining_time":4.352621409},
{"learn":[1275.355967],"iteration":772,"passed_time":14.75623002,"remaining_time":4.333330161},
{"learn":[1275.323207],"iteration":773,"passed_time":14.77633818,"remaining_time":4.314538023},
{"learn":[1275.315761],"iteration":774,"passed_time":14.79200927,"remaining_time":4.294454304},
{"learn":[1275.309209],"iteration":775,"passed_time":14.80848939,"remaining_time":4.274615493},
{"learn":[1275.303476],"iteration":776,"passed_time":14.82338854,"remaining_time":4.254331589},
{"learn":[1275.27131],"iteration":777,"passed_time":14.83823683,"remaining_time":4.234047014},
{"learn":[1275.243015],"iteration":778,"passed_time":14.85499979,"remaining_time":4.21431958},
{"learn":[1275.217996],"iteration":779,"passed_time":14.87211346,"remaining_time":4.194698669},
{"learn":[1274.452519],"iteration":780,"passed_time":14.89929961,"remaining_time":4.177908598},
{"learn":[1274.448495],"iteration":781,"passed_time":14.91495295,"remaining_time":4.157876909},
{"learn":[1274.444845],"iteration":782,"passed_time":14.93030832,"remaining_time":4.137773826},
{"learn":[1274.441715],"iteration":783,"passed_time":14.94545536,"remaining_time":4.117625455},
{"learn":[1274.410645],"iteration":784,"passed_time":14.96130216,"remaining_time":4.097681484},
{"learn":[1274.407069],"iteration":785,"passed_time":14.97519497,"remaining_time":4.077215932},
{"learn":[1274.403939],"iteration":786,"passed_time":14.99211517,"remaining_time":4.057586443},
{"learn":[1274.401108],"iteration":787,"passed_time":15.00720264,"remaining_time":4.037470761},
{"learn":[1274.398575],"iteration":788,"passed_time":15.02207481,"remaining_time":4.017310247},
{"learn":[1274.368472],"iteration":789,"passed_time":15.04046661,"remaining_time":3.998098718},
{"learn":[1274.365566],"iteration":790,"passed_time":15.05705364,"remaining_time":3.978412402},
{"learn":[1274.362958],"iteration":791,"passed_time":15.07468817,"remaining_time":3.959009014},
{"learn":[1274.360797],"iteration":792,"passed_time":15.09014521,"remaining_time":3.939041688},
{"learn":[1274.33211],"iteration":793,"passed_time":15.1082957,"remaining_time":3.919784526},
{"learn":[1274.329502],"iteration":794,"passed_time":15.12342591,"remaining_time":3.899751335},
{"learn":[1274.303645],"iteration":795,"passed_time":15.14096676,"remaining_time":3.880348266},
{"learn":[1274.280843],"iteration":796,"passed_time":15.15915976,"remaining_time":3.861115974},
{"learn":[1274.260724],"iteration":797,"passed_time":15.17666069,"remaining_time":3.841711102},
{"learn":[1274.256178],"iteration":798,"passed_time":15.19440702,"remaining_time":3.822372729},
{"learn":[1274.252154],"iteration":799,"passed_time":15.21147362,"remaining_time":3.802868405},
{"learn":[1274.233003],"iteration":800,"passed_time":15.22573708,"remaining_time":3.782673756},
{"learn":[1274.216161],"iteration":801,"passed_time":15.24270282,"remaining_time":3.763161045},
{"learn":[1274.201331],"iteration":802,"passed_time":15.25726128,"remaining_time":3.743064099},
{"learn":[1273.495193],"iteration":803,"passed_time":15.28299793,"remaining_time":3.725705962},
{"learn":[1273.492881],"iteration":804,"passed_time":15.2965957,"remaining_time":3.705386537},
{"learn":[1273.490868],"iteration":805,"passed_time":15.31177218,"remaining_time":3.685463775},
{"learn":[1273.489079],"iteration":806,"passed_time":15.32615928,"remaining_time":3.665363991},
{"learn":[1273.469319],"iteration":807,"passed_time":15.34474185,"remaining_time":3.646275292},
{"learn":[1273.451946],"iteration":808,"passed_time":15.36678206,"remaining_time":3.62800417},
{"learn":[1273.436734],"iteration":809,"passed_time":15.38552783,"remaining_time":3.608950971},
{"learn":[1273.423238],"iteration":810,"passed_time":15.40448272,"remaining_time":3.589947268},
{"learn":[1273.419435],"iteration":811,"passed_time":15.4252781,"remaining_time":3.571369807},
{"learn":[1273.416004],"iteration":812,"passed_time":15.44412336,"remaining_time":3.552338336},
{"learn":[1273.412873],"iteration":813,"passed_time":15.46554579,"remaining_time":3.533896212},
{"learn":[1273.410188],"iteration":814,"passed_time":15.48578235,"remaining_time":3.515177589},
{"learn":[1273.407877],"iteration":815,"passed_time":15.50486792,"remaining_time":3.496195707},
{"learn":[1273.405789],"iteration":816,"passed_time":15.52543611,"remaining_time":3.477545665},
{"learn":[1273.3908],"iteration":817,"passed_time":15.54341503,"remaining_time":3.458314834},
{"learn":[1273.388563],"iteration":818,"passed_time":15.56191852,"remaining_time":3.439202994},
{"learn":[1273.38655],"iteration":819,"passed_time":15.58065424,"remaining_time":3.420143614},
{"learn":[1273.372531],"iteration":820,"passed_time":15.60373828,"remaining_time":3.402033072},
{"learn":[1273.370219],"iteration":821,"passed_time":15.62261521,"remaining_time":3.3829994},
{"learn":[1273.36828],"iteration":822,"passed_time":15.64400281,"remaining_time":3.364506073},
{"learn":[1273.36664],"iteration":823,"passed_time":15.66246339,"remaining_time":3.345380531},
{"learn":[1273.352919],"iteration":824,"passed_time":15.6790687,"remaining_time":3.325863058},
{"learn":[1273.340987],"iteration":825,"passed_time":15.69663706,"remaining_time":3.306555507},
{"learn":[1273.330398],"iteration":826,"passed_time":15.71795176,"remaining_time":3.288035858},
{"learn":[1273.321151],"iteration":827,"passed_time":15.73598686,"remaining_time":3.268828188},
{"learn":[1273.036399],"iteration":828,"passed_time":15.75618253,"remaining_time":3.250069015},
{"learn":[1273.02991],"iteration":829,"passed_time":15.77711609,"remaining_time":3.231457513},
{"learn":[1272.772026],"iteration":830,"passed_time":15.79567939,"remaining_time":3.212358385},
{"learn":[1272.536848],"iteration":831,"passed_time":15.81359663,"remaining_time":3.193130088},
{"learn":[1272.533416],"iteration":832,"passed_time":15.83194453,"remaining_time":3.173991281},
{"learn":[1272.530431],"iteration":833,"passed_time":15.8475246,"remaining_time":3.154303457},
{"learn":[1272.527894],"iteration":834,"passed_time":15.87011536,"remaining_time":3.136010819},
{"learn":[1272.315658],"iteration":835,"passed_time":15.89179539,"remaining_time":3.117529239},
{"learn":[1272.121898],"iteration":836,"passed_time":15.90919267,"remaining_time":3.098205979},
{"learn":[1271.945056],"iteration":837,"passed_time":15.93126548,"remaining_time":3.07979118},
{"learn":[1271.78342],"iteration":838,"passed_time":15.95074833,"remaining_time":3.060870657},
{"learn":[1271.635579],"iteration":839,"passed_time":15.97317697,"remaining_time":3.0425099},
{"learn":[1271.60556],"iteration":840,"passed_time":15.99261744,"remaining_time":3.023574521},
{"learn":[1271.467332],"iteration":841,"passed_time":16.01499799,"remaining_time":3.005189646},
{"learn":[1271.437832],"iteration":842,"passed_time":16.03602823,"remaining_time":2.986543811},
{"learn":[1271.412066],"iteration":843,"passed_time":16.0535264,"remaining_time":2.967239476},
{"learn":[1271.279493],"iteration":844,"passed_time":16.07454503,"remaining_time":2.948585183},
{"learn":[1271.253649],"iteration":845,"passed_time":16.09259075,"remaining_time":2.929384132},
{"learn":[1270.53937],"iteration":846,"passed_time":16.12020702,"remaining_time":2.911914608},
{"learn":[1270.407977],"iteration":847,"passed_time":16.13905207,"remaining_time":2.892848956},
{"learn":[1270.288231],"iteration":848,"passed_time":16.15658281,"remaining_time":2.873550064},
{"learn":[1270.178791],"iteration":849,"passed_time":16.17198908,"remaining_time":2.853880427},
{"learn":[1270.078985],"iteration":850,"passed_time":16.18758357,"remaining_time":2.834253763},
{"learn":[1269.987696],"iteration":851,"passed_time":16.2048981,"remaining_time":2.81493535},
{"learn":[1269.904251],"iteration":852,"passed_time":16.22261731,"remaining_time":2.795691376},
{"learn":[1269.82783],"iteration":853,"passed_time":16.24081707,"remaining_time":2.776533129},
{"learn":[1269.791039],"iteration":854,"passed_time":16.25886417,"remaining_time":2.757351233},
{"learn":[1269.148887],"iteration":855,"passed_time":16.28510424,"remaining_time":2.739550247},
{"learn":[1269.071672],"iteration":856,"passed_time":16.30274938,"remaining_time":2.720295403},
{"learn":[1269.001112],"iteration":857,"passed_time":16.32117946,"remaining_time":2.701174223},
{"learn":[1268.969759],"iteration":858,"passed_time":16.33990588,"remaining_time":2.682103293},
{"learn":[1268.293351],"iteration":859,"passed_time":16.3607035,"remaining_time":2.663370337},
{"learn":[1268.289832],"iteration":860,"passed_time":16.37848126,"remaining_time":2.644145058},
{"learn":[1268.266098],"iteration":861,"passed_time":16.39516412,"remaining_time":2.624747852},
{"learn":[1268.245359],"iteration":862,"passed_time":16.41586913,"remaining_time":2.605995446},
{"learn":[1268.243412],"iteration":863,"passed_time":16.43157343,"remaining_time":2.586451373},
{"learn":[1268.225593],"iteration":864,"passed_time":16.45109863,"remaining_time":2.567512503},
{"learn":[1268.209869],"iteration":865,"passed_time":16.47079793,"remaining_time":2.548599218},
{"learn":[1268.208821],"iteration":866,"passed_time":16.48654617,"remaining_time":2.529078017},
{"learn":[1268.207923],"iteration":867,"passed_time":16.50218851,"remaining_time":2.509549405},
{"learn":[1268.194595],"iteration":868,"passed_time":16.52062918,"remaining_time":2.49045158},
{"learn":[1268.182915],"iteration":869,"passed_time":16.53858977,"remaining_time":2.47128353},
{"learn":[1268.18254],"iteration":870,"passed_time":16.55406158,"remaining_time":2.451749649},
{"learn":[1268.172432],"iteration":871,"passed_time":16.57121085,"remaining_time":2.432471317},
{"learn":[1268.163522],"iteration":872,"passed_time":16.58953613,"remaining_time":2.413368945},
{"learn":[1267.573958],"iteration":873,"passed_time":16.61013729,"remaining_time":2.394596451},
{"learn":[1267.567366],"iteration":874,"passed_time":16.62945996,"remaining_time":2.375637137},
{"learn":[1267.567216],"iteration":875,"passed_time":16.64473532,"remaining_time":2.356104086},
{"learn":[1267.561373],"iteration":876,"passed_time":16.6617571,"remaining_time":2.336825682},
{"learn":[1267.560324],"iteration":877,"passed_time":16.67899255,"remaining_time":2.317582109},
{"learn":[1267.55523],"iteration":878,"passed_time":16.69615295,"remaining_time":2.298332772},
{"learn":[1267.55066],"iteration":879,"passed_time":16.71340331,"remaining_time":2.279100451},
{"learn":[1267.549761],"iteration":880,"passed_time":16.73125005,"remaining_time":2.259953185},
{"learn":[1267.548788],"iteration":881,"passed_time":16.74654042,"remaining_time":2.240466859},
{"learn":[1267.544667],"iteration":882,"passed_time":16.76530624,"remaining_time":2.221450544},
{"learn":[1267.540997],"iteration":883,"passed_time":16.78391046,"remaining_time":2.20241359},
{"learn":[1267.537775],"iteration":884,"passed_time":16.80183902,"remaining_time":2.183289816},
{"learn":[1267.535004],"iteration":885,"passed_time":16.82030149,"remaining_time":2.164237438},
{"learn":[1267.006304],"iteration":886,"passed_time":16.84165446,"remaining_time":2.145554627},
{"learn":[1267.004355],"iteration":887,"passed_time":16.86011482,"remaining_time":2.126500968},
{"learn":[1267.002706],"iteration":888,"passed_time":16.87839666,"remaining_time":2.107426354},
{"learn":[1267.000458],"iteration":889,"passed_time":16.89324744,"remaining_time":2.087929459},
{"learn":[1266.998359],"iteration":890,"passed_time":16.91136207,"remaining_time":2.068842274},
{"learn":[1266.996561],"iteration":891,"passed_time":16.92949972,"remaining_time":2.049760056},
{"learn":[1266.994762],"iteration":892,"passed_time":16.94741095,"remaining_time":2.030652823},
{"learn":[1266.993113],"iteration":893,"passed_time":16.96711429,"remaining_time":2.011760754},
{"learn":[1266.991389],"iteration":894,"passed_time":16.98418555,"remaining_time":1.992558082},
{"learn":[1266.989816],"iteration":895,"passed_time":16.99880119,"remaining_time":1.973075138},
{"learn":[1266.988242],"iteration":896,"passed_time":17.01602849,"remaining_time":1.953902937},
{"learn":[1266.986668],"iteration":897,"passed_time":17.03429823,"remaining_time":1.934853473},
{"learn":[1266.985319],"iteration":898,"passed_time":17.05248525,"remaining_time":1.915796452},
{"learn":[1266.983745],"iteration":899,"passed_time":17.07048768,"remaining_time":1.896720853},
{"learn":[1266.982471],"iteration":900,"passed_time":17.0896621,"remaining_time":1.877776413},
{"learn":[1266.981047],"iteration":901,"passed_time":17.10928748,"remaining_time":1.858880458},
{"learn":[1266.979698],"iteration":902,"passed_time":17.12727732,"remaining_time":1.839807198},
{"learn":[1266.978574],"iteration":903,"passed_time":17.14433841,"remaining_time":1.820637707},
{"learn":[1266.97715],"iteration":904,"passed_time":17.16135743,"remaining_time":1.801468459},
{"learn":[1266.975876],"iteration":905,"passed_time":17.18070272,"remaining_time":1.782545315},
{"learn":[1266.974901],"iteration":906,"passed_time":17.20049766,"remaining_time":1.763667345},
{"learn":[1266.973927],"iteration":907,"passed_time":17.21821182,"remaining_time":1.744576528},
{"learn":[1266.973028],"iteration":908,"passed_time":17.23687833,"remaining_time":1.72558408},
{"learn":[1266.971529],"iteration":909,"passed_time":17.25506578,"remaining_time":1.706544967},
{"learn":[1266.457739],"iteration":910,"passed_time":17.27388406,"remaining_time":1.687569354},
{"learn":[1266.457289],"iteration":911,"passed_time":17.29120388,"remaining_time":1.668449497},
{"learn":[1266.456839],"iteration":912,"passed_time":17.31003918,"remaining_time":1.649477994},
{"learn":[1266.455115],"iteration":913,"passed_time":17.32838574,"remaining_time":1.630460803},
{"learn":[1266.453615],"iteration":914,"passed_time":17.3463166,"remaining_time":1.61140646},
{"learn":[1266.452341],"iteration":915,"passed_time":17.36489572,"remaining_time":1.592414018},
{"learn":[1266.451741],"iteration":916,"passed_time":17.38348203,"remaining_time":1.573423128},
{"learn":[1266.451291],"iteration":917,"passed_time":17.40185453,"remaining_time":1.554414022},
{"learn":[1266.449941],"iteration":918,"passed_time":17.42131397,"remaining_time":1.535502102},
{"learn":[1266.448892],"iteration":919,"passed_time":17.44190111,"remaining_time":1.516687053},
{"learn":[1266.447842],"iteration":920,"passed_time":17.46091363,"remaining_time":1.497733091},
{"learn":[1266.447017],"iteration":921,"passed_time":17.47916978,"remaining_time":1.478715014},
{"learn":[1266.446192],"iteration":922,"passed_time":17.49700767,"remaining_time":1.459663695},
{"learn":[1266.445443],"iteration":923,"passed_time":17.51465186,"remaining_time":1.440599071},
{"learn":[1266.444693],"iteration":924,"passed_time":17.53476884,"remaining_time":1.421738014},
{"learn":[1266.444018],"iteration":925,"passed_time":17.55270503,"remaining_time":1.40269997},
{"learn":[1266.443493],"iteration":926,"passed_time":17.5680609,"remaining_time":1.383461106},
{"learn":[1266.442594],"iteration":927,"passed_time":17.58564812,"remaining_time":1.364403733},
{"learn":[1266.442069],"iteration":928,"passed_time":17.60371007,"remaining_time":1.345385807},
{"learn":[1266.441319],"iteration":929,"passed_time":17.62201342,"remaining_time":1.326388107},
{"learn":[1266.440644],"iteration":930,"passed_time":17.63720335,"remaining_time":1.307161151},
{"learn":[1266.440119],"iteration":931,"passed_time":17.65550677,"remaining_time":1.288170022},
{"learn":[1266.439669],"iteration":932,"passed_time":17.67517063,"remaining_time":1.269278062},
{"learn":[1266.438995],"iteration":933,"passed_time":17.69412232,"remaining_time":1.250334125},
{"learn":[1266.43847],"iteration":934,"passed_time":17.71299777,"remaining_time":1.231384871},
{"learn":[1266.437945],"iteration":935,"passed_time":17.73108694,"remaining_time":1.212382013},
{"learn":[1266.43742],"iteration":936,"passed_time":17.74988561,"remaining_time":1.193428809},
{"learn":[1266.436895],"iteration":937,"passed_time":17.76524392,"remaining_time":1.174248532},
{"learn":[1266.43637],"iteration":938,"passed_time":17.78309967,"remaining_time":1.155238636},
{"learn":[1266.435845],"iteration":939,"passed_time":17.79834457,"remaining_time":1.136064547},
{"learn":[1266.435396],"iteration":940,"passed_time":17.81490941,"remaining_time":1.116981568},
{"learn":[1266.434871],"iteration":941,"passed_time":17.83288041,"remaining_time":1.097990514},
{"learn":[1266.434421],"iteration":942,"passed_time":17.85030187,"remaining_time":1.078968406},
{"learn":[1266.434046],"iteration":943,"passed_time":17.87011159,"remaining_time":1.060091366},
{"learn":[1266.433746],"iteration":944,"passed_time":17.88795861,"remaining_time":1.04109812},
{"learn":[1265.976819],"iteration":945,"passed_time":17.90653779,"remaining_time":1.022149092},
{"learn":[1265.975694],"iteration":946,"passed_time":17.92384806,"remaining_time":1.003129828},
{"learn":[1265.974644],"iteration":947,"passed_time":17.94159374,"remaining_time":0.9841380531},
{"learn":[1265.974644],"iteration":948,"passed_time":17.96032283,"remaining_time":0.9652017539},
{"learn":[1265.974569],"iteration":949,"passed_time":17.97826762,"remaining_time":0.9462246118},
{"learn":[1265.973744],"iteration":950,"passed_time":17.99673804,"remaining_time":0.9272767236},
{"learn":[1265.972918],"iteration":951,"passed_time":18.01513898,"remaining_time":0.9083263353},
{"learn":[1265.972168],"iteration":952,"passed_time":18.03263599,"remaining_time":0.88933252},
{"learn":[1265.972093],"iteration":953,"passed_time":18.05003213,"remaining_time":0.8703369788},
{"learn":[1265.972018],"iteration":954,"passed_time":18.06746715,"remaining_time":0.8513466194},
{"learn":[1265.971943],"iteration":955,"passed_time":18.08268152,"remaining_time":0.8322573087},
{"learn":[1265.971793],"iteration":956,"passed_time":18.10229865,"remaining_time":0.8133739205},
{"learn":[1265.971193],"iteration":957,"passed_time":18.12229892,"remaining_time":0.7945057979},
{"learn":[1265.971043],"iteration":958,"passed_time":18.14098574,"remaining_time":0.7755791608},
{"learn":[1265.970443],"iteration":959,"passed_time":18.15884395,"remaining_time":0.7566184979},
{"learn":[1265.969843],"iteration":960,"passed_time":18.17703523,"remaining_time":0.737673646},
{"learn":[1265.969768],"iteration":961,"passed_time":18.19277773,"remaining_time":0.7186336317},
{"learn":[1265.969243],"iteration":962,"passed_time":18.21037363,"remaining_time":0.6996716763},
{"learn":[1265.968793],"iteration":963,"passed_time":18.2289952,"remaining_time":0.6807508582},
{"learn":[1265.968343],"iteration":964,"passed_time":18.24639816,"remaining_time":0.6617864618},
{"learn":[1265.968193],"iteration":965,"passed_time":18.2648371,"remaining_time":0.6428617612},
{"learn":[1265.967893],"iteration":966,"passed_time":18.2828842,"remaining_time":0.6239246936},
{"learn":[1265.967593],"iteration":967,"passed_time":18.30055851,"remaining_time":0.6049771408},
{"learn":[1265.967443],"iteration":968,"passed_time":18.31755576,"remaining_time":0.5860105558},
{"learn":[1265.967293],"iteration":969,"passed_time":18.33663558,"remaining_time":0.5671124406},
{"learn":[1265.967143],"iteration":970,"passed_time":18.35568889,"remaining_time":0.5482131593},
{"learn":[1265.967143],"iteration":971,"passed_time":18.37367624,"remaining_time":0.5292828546},
{"learn":[1265.966993],"iteration":972,"passed_time":18.39138846,"remaining_time":0.5103468534},
{"learn":[1265.966693],"iteration":973,"passed_time":18.40965559,"remaining_time":0.4914281779},
{"learn":[1265.966618],"iteration":974,"passed_time":18.42565357,"remaining_time":0.4724526555},
{"learn":[1265.557542],"iteration":975,"passed_time":18.44435322,"remaining_time":0.4535496693},
{"learn":[1265.556792],"iteration":976,"passed_time":18.46075315,"remaining_time":0.4345929605},
{"learn":[1265.556042],"iteration":977,"passed_time":18.48098291,"remaining_time":0.4157276319},
{"learn":[1265.555442],"iteration":978,"passed_time":18.49876735,"remaining_time":0.3968070627},
{"learn":[1265.555442],"iteration":979,"passed_time":18.51384699,"remaining_time":0.3778336121},
{"learn":[1265.555442],"iteration":980,"passed_time":18.53175436,"remaining_time":0.3589228673},
{"learn":[1265.554916],"iteration":981,"passed_time":18.55024013,"remaining_time":0.3400247681},
{"learn":[1265.554916],"iteration":982,"passed_time":18.56867579,"remaining_time":0.3211266414},
{"learn":[1265.554391],"iteration":983,"passed_time":18.58644577,"remaining_time":0.3022186304},
{"learn":[1265.553941],"iteration":984,"passed_time":18.60461906,"remaining_time":0.283319072},
{"learn":[1265.553941],"iteration":985,"passed_time":18.62238888,"remaining_time":0.2644152579},
{"learn":[1265.553866],"iteration":986,"passed_time":18.64198935,"remaining_time":0.2455378537},
{"learn":[1265.553491],"iteration":987,"passed_time":18.65931841,"remaining_time":0.2266313977},
{"learn":[1265.553116],"iteration":988,"passed_time":18.67461976,"remaining_time":0.2077055787},
{"learn":[1265.552891],"iteration":989,"passed_time":18.69240729,"remaining_time":0.1888121949},
{"learn":[1265.55259],"iteration":990,"passed_time":18.71188554,"remaining_time":0.1699363975},
{"learn":[1265.55259],"iteration":991,"passed_time":18.73015828,"remaining_time":0.1510496635},
{"learn":[1265.552515],"iteration":992,"passed_time":18.74769171,"remaining_time":0.1321589546},
{"learn":[1265.552515],"iteration":993,"passed_time":18.76215677,"remaining_time":0.1132524553},
{"learn":[1265.55229],"iteration":994,"passed_time":18.77955516,"remaining_time":0.09436962393},
{"learn":[1265.552365],"iteration":995,"passed_time":18.79821646,"remaining_time":0.07549484524},
{"learn":[1265.55214],"iteration":996,"passed_time":18.81664001,"remaining_time":0.05661977937},
{"learn":[1265.55199],"iteration":997,"passed_time":18.8354753,"remaining_time":0.03774644349},
{"learn":[1265.55184],"iteration":998,"passed_time":18.85407749,"remaining_time":0.01887295044},
{"learn":[1265.55169],"iteration":999,"passed_time":18.8696622,"remaining_time":0}
]}