{
"meta":{"test_sets":[],"test_metrics":[],"learn_metrics":[{"best_value":"Min","name":"RMSE"}],"launch_mode":"Train","parameters":"","iteration_count":500,"learn_sets":["learn"],"name":"experiment"},
"iterations":[
{"learn":[17686.42111],"iteration":0,"passed_time":0.003256005804,"remaining_time":1.624746896},
{"learn":[17597.22471],"iteration":1,"passed_time":0.006028295408,"remaining_time":1.501045557},
{"learn":[17553.04126],"iteration":2,"passed_time":0.008715052523,"remaining_time":1.443793701},
{"learn":[17485.52143],"iteration":3,"passed_time":0.01133390983,"remaining_time":1.405404819},
{"learn":[17456.80638],"iteration":4,"passed_time":0.01420153004,"remaining_time":1.405951474},
{"learn":[17404.77316],"iteration":5,"passed_time":0.01696019961,"remaining_time":1.396389768},
{"learn":[17385.56021],"iteration":6,"passed_time":0.01960300256,"remaining_time":1.380611466},
{"learn":[17362.17357],"iteration":7,"passed_time":0.02337455679,"remaining_time":1.437535243},
{"learn":[17346.01948],"iteration":8,"passed_time":0.02640315989,"remaining_time":1.440439056},
{"learn":[17333.87071],"iteration":9,"passed_time":0.02932184868,"remaining_time":1.436770585},
{"learn":[17294.02623],"iteration":10,"passed_time":0.03296362997,"remaining_time":1.465383187},
{"learn":[17283.1742],"iteration":11,"passed_time":0.03621799472,"remaining_time":1.472865119},
{"learn":[17254.0532],"iteration":12,"passed_time":0.03917148496,"remaining_time":1.46742409},
{"learn":[17239.97332],"iteration":13,"passed_time":0.04202949431,"remaining_time":1.459023874},
{"learn":[17230.20832],"iteration":14,"passed_time":0.04542950805,"remaining_time":1.468887427},
{"learn":[17218.81074],"iteration":15,"passed_time":0.04862416051,"remaining_time":1.470880855},
{"learn":[17210.96994],"iteration":16,"passed_time":0.05171857425,"remaining_time":1.469415962},
{"learn":[17201.99471],"iteration":17,"passed_time":0.05500326157,"remaining_time":1.472865115},
{"learn":[17180.28738],"iteration":18,"passed_time":0.0583303911,"remaining_time":1.476679901},
{"learn":[17162.9981],"iteration":19,"passed_time":0.06181689213,"remaining_time":1.483605411},
{"learn":[17154.38931],"iteration":20,"passed_time":0.06505899277,"remaining_time":1.483964645},
{"learn":[17141.6685],"iteration":21,"passed_time":0.06823464815,"remaining_time":1.48255281},
{"learn":[17135.48854],"iteration":22,"passed_time":0.07152030917,"remaining_time":1.483269021},
{"learn":[17125.99174],"iteration":23,"passed_time":0.07500908971,"remaining_time":1.487680279},
{"learn":[17119.46601],"iteration":24,"passed_time":0.07823239248,"remaining_time":1.486415457},
{"learn":[17091.53116],"iteration":25,"passed_time":0.08149785925,"remaining_time":1.485768665},
{"learn":[17083.92358],"iteration":26,"passed_time":0.08483187123,"remaining_time":1.486128707},
{"learn":[17076.08036],"iteration":27,"passed_time":0.08833631281,"remaining_time":1.489097845},
{"learn":[17070.68708],"iteration":28,"passed_time":0.09146035055,"remaining_time":1.485442245},
{"learn":[17063.74944],"iteration":29,"passed_time":0.09439794394,"remaining_time":1.478901122},
{"learn":[17058.62965],"iteration":30,"passed_time":0.09763553064,"remaining_time":1.477131093},
{"learn":[17036.49753],"iteration":31,"passed_time":0.1006499049,"remaining_time":1.472004859},
{"learn":[17023.31966],"iteration":32,"passed_time":0.1041432294,"remaining_time":1.473784489},
{"learn":[17005.79851],"iteration":33,"passed_time":0.1073099822,"remaining_time":1.470777991},
{"learn":[16995.40697],"iteration":34,"passed_time":0.1105863256,"remaining_time":1.469218325},
{"learn":[16992.93702],"iteration":35,"passed_time":0.1142167744,"remaining_time":1.472127315},
{"learn":[16988.88129],"iteration":36,"passed_time":0.1176850286,"remaining_time":1.472653195},
{"learn":[16985.37904],"iteration":37,"passed_time":0.1210566567,"remaining_time":1.471794089},
{"learn":[16980.91042],"iteration":38,"passed_time":0.1245268841,"remaining_time":1.471971629},
{"learn":[16977.35073],"iteration":39,"passed_time":0.1278644945,"remaining_time":1.470441686},
{"learn":[16974.41273],"iteration":40,"passed_time":0.13169795,"remaining_time":1.474374611},
{"learn":[16971.10766],"iteration":41,"passed_time":0.1351940915,"remaining_time":1.474259379},
{"learn":[16962.82842],"iteration":42,"passed_time":0.1384975659,"remaining_time":1.471939247},
{"learn":[16957.98176],"iteration":43,"passed_time":0.1418640652,"remaining_time":1.470227584},
{"learn":[16952.5392],"iteration":44,"passed_time":0.1451937485,"remaining_time":1.468070124},
{"learn":[16938.62367],"iteration":45,"passed_time":0.148930509,"remaining_time":1.469879372},
{"learn":[16936.93493],"iteration":46,"passed_time":0.1524354843,"remaining_time":1.469218604},
{"learn":[16930.945],"iteration":47,"passed_time":0.1558738316,"remaining_time":1.467811914},
{"learn":[16919.82126],"iteration":48,"passed_time":0.1592320539,"remaining_time":1.465584823},
{"learn":[16917.38393],"iteration":49,"passed_time":0.1628773292,"remaining_time":1.465895963},
{"learn":[16914.24581],"iteration":50,"passed_time":0.1662259465,"remaining_time":1.463440196},
{"learn":[16911.73855],"iteration":51,"passed_time":0.1697144662,"remaining_time":1.462155401},
{"learn":[16907.55053],"iteration":52,"passed_time":0.1729810242,"remaining_time":1.45891543},
{"learn":[16906.18716],"iteration":53,"passed_time":0.1766363596,"remaining_time":1.458885489},
{"learn":[16905.13162],"iteration":54,"passed_time":0.180603257,"remaining_time":1.461244534},
{"learn":[16902.24697],"iteration":55,"passed_time":0.1837641318,"remaining_time":1.456987045},
{"learn":[16899.4012],"iteration":56,"passed_time":0.1865368075,"remaining_time":1.449750977},
{"learn":[16895.56841],"iteration":57,"passed_time":0.189200875,"remaining_time":1.441841151},
{"learn":[16892.9842],"iteration":58,"passed_time":0.1920448621,"remaining_time":1.435453969},
{"learn":[16891.47999],"iteration":59,"passed_time":0.1945721737,"remaining_time":1.426862607},
{"learn":[16888.33482],"iteration":60,"passed_time":0.1973623114,"remaining_time":1.420361553},
{"learn":[16879.52622],"iteration":61,"passed_time":0.2001101641,"remaining_time":1.413681482},
{"learn":[16877.93644],"iteration":62,"passed_time":0.2027898361,"remaining_time":1.406653307},
{"learn":[16871.41235],"iteration":63,"passed_time":0.2056770086,"remaining_time":1.401174621},
{"learn":[16867.69327],"iteration":64,"passed_time":0.2087790326,"remaining_time":1.397213526},
{"learn":[16866.71425],"iteration":65,"passed_time":0.211788216,"remaining_time":1.392667966},
{"learn":[16864.51652],"iteration":66,"passed_time":0.2150439008,"remaining_time":1.389761329},
{"learn":[16861.75583],"iteration":67,"passed_time":0.2182422026,"remaining_time":1.386479875},
{"learn":[16859.49731],"iteration":68,"passed_time":0.2211755787,"remaining_time":1.381546006},
{"learn":[16857.88465],"iteration":69,"passed_time":0.2241638423,"remaining_time":1.37700646},
{"learn":[16855.13782],"iteration":70,"passed_time":0.2271853649,"remaining_time":1.372711571},
{"learn":[16849.95167],"iteration":71,"passed_time":0.2300564895,"remaining_time":1.367558021},
{"learn":[16847.73163],"iteration":72,"passed_time":0.2326941766,"remaining_time":1.361101554},
{"learn":[16844.70239],"iteration":73,"passed_time":0.2356547162,"remaining_time":1.35660688},
{"learn":[16843.64666],"iteration":74,"passed_time":0.238476273,"remaining_time":1.351365547},
{"learn":[16839.21298],"iteration":75,"passed_time":0.2412962844,"remaining_time":1.346179271},
{"learn":[16836.25509],"iteration":76,"passed_time":0.2440495515,"remaining_time":1.340687796},
{"learn":[16834.66637],"iteration":77,"passed_time":0.2466035545,"remaining_time":1.334188461},
{"learn":[16830.29027],"iteration":78,"passed_time":0.249149271,"remaining_time":1.327744849},
{"learn":[16826.39973],"iteration":79,"passed_time":0.2518935549,"remaining_time":1.322441163},
{"learn":[16824.1594],"iteration":80,"passed_time":0.2545241195,"remaining_time":1.316612421},
{"learn":[16820.08984],"iteration":81,"passed_time":0.2571747081,"remaining_time":1.310963756},
{"learn":[16818.41608],"iteration":82,"passed_time":0.2599154683,"remaining_time":1.305840365},
{"learn":[16816.83667],"iteration":83,"passed_time":0.2626556706,"remaining_time":1.30077094},
{"learn":[16809.44371],"iteration":84,"passed_time":0.2652939793,"remaining_time":1.29525884},
{"learn":[16808.07027],"iteration":85,"passed_time":0.2680486023,"remaining_time":1.290373504},
{"learn":[16807.30083],"iteration":86,"passed_time":0.2709719283,"remaining_time":1.286338005},
{"learn":[16805.5371],"iteration":87,"passed_time":0.2741643707,"remaining_time":1.283587735},
{"learn":[16804.4122],"iteration":88,"passed_time":0.2775480718,"remaining_time":1.281710758},
{"learn":[16803.56667],"iteration":89,"passed_time":0.2810117627,"remaining_time":1.280164697},
{"learn":[16801.84666],"iteration":90,"passed_time":0.2841685971,"remaining_time":1.277197321},
{"learn":[16800.22547],"iteration":91,"passed_time":0.2873929356,"remaining_time":1.274525193},
{"learn":[16799.39262],"iteration":92,"passed_time":0.2905020132,"remaining_time":1.271336767},
{"learn":[16796.26661],"iteration":93,"passed_time":0.2935892944,"remaining_time":1.268055889},
{"learn":[16795.1515],"iteration":94,"passed_time":0.296484229,"remaining_time":1.263959082},
{"learn":[16793.02351],"iteration":95,"passed_time":0.2993496445,"remaining_time":1.259763087},
{"learn":[16789.93279],"iteration":96,"passed_time":0.3023376379,"remaining_time":1.256103795},
{"learn":[16788.06457],"iteration":97,"passed_time":0.3053228275,"remaining_time":1.2524467},
{"learn":[16786.58681],"iteration":98,"passed_time":0.3079775312,"remaining_time":1.247464545},
{"learn":[16784.79184],"iteration":99,"passed_time":0.3105079735,"remaining_time":1.242031894},
{"learn":[16781.96556],"iteration":100,"passed_time":0.3130971505,"remaining_time":1.236888743},
{"learn":[16779.63134],"iteration":101,"passed_time":0.3157428075,"remaining_time":1.232016053},
{"learn":[16775.5459],"iteration":102,"passed_time":0.3182470038,"remaining_time":1.226641364},
{"learn":[16773.65929],"iteration":103,"passed_time":0.3210648543,"remaining_time":1.222516176},
{"learn":[16770.21343],"iteration":104,"passed_time":0.3238680483,"remaining_time":1.218360753},
{"learn":[16768.45316],"iteration":105,"passed_time":0.3267310968,"remaining_time":1.214453322},
{"learn":[16766.29654],"iteration":106,"passed_time":0.3293286633,"remaining_time":1.209590324},
{"learn":[16763.82106],"iteration":107,"passed_time":0.3321332918,"remaining_time":1.205520837},
{"learn":[16762.34255],"iteration":108,"passed_time":0.334968671,"remaining_time":1.201584866},
{"learn":[16760.60527],"iteration":109,"passed_time":0.3377951702,"remaining_time":1.197637422},
{"learn":[16757.66236],"iteration":110,"passed_time":0.3404866412,"remaining_time":1.193236968},
{"learn":[16755.92995],"iteration":111,"passed_time":0.3432512755,"remaining_time":1.18912049},
{"learn":[16754.08395],"iteration":112,"passed_time":0.3461350996,"remaining_time":1.185436138},
{"learn":[16753.27984],"iteration":113,"passed_time":0.3489995383,"remaining_time":1.181700191},
{"learn":[16752.0386],"iteration":114,"passed_time":0.3514458055,"remaining_time":1.176579436},
{"learn":[16749.96182],"iteration":115,"passed_time":0.3538678066,"remaining_time":1.171424463},
{"learn":[16748.94223],"iteration":116,"passed_time":0.3563723709,"remaining_time":1.166586479},
{"learn":[16748.27719],"iteration":117,"passed_time":0.359132258,"remaining_time":1.162614598},
{"learn":[16745.16329],"iteration":118,"passed_time":0.3622672907,"remaining_time":1.159864183},
{"learn":[16743.52594],"iteration":119,"passed_time":0.3649090533,"remaining_time":1.155545335},
{"learn":[16742.03648],"iteration":120,"passed_time":0.3674325989,"remaining_time":1.150883925},
{"learn":[16740.4035],"iteration":121,"passed_time":0.3701184798,"remaining_time":1.146760536},
{"learn":[16738.41175],"iteration":122,"passed_time":0.3728222196,"remaining_time":1.142715258},
{"learn":[16737.79377],"iteration":123,"passed_time":0.3767348614,"remaining_time":1.142357322},
{"learn":[16734.4773],"iteration":124,"passed_time":0.3799628889,"remaining_time":1.139888667},
{"learn":[16731.78022],"iteration":125,"passed_time":0.3829279555,"remaining_time":1.136627423},
{"learn":[16729.978],"iteration":126,"passed_time":0.3857635847,"remaining_time":1.132990686},
{"learn":[16728.4913],"iteration":127,"passed_time":0.3884297307,"remaining_time":1.128873905},
{"learn":[16727.69071],"iteration":128,"passed_time":0.3919555825,"remaining_time":1.127252102},
{"learn":[16720.84886],"iteration":129,"passed_time":0.3948703993,"remaining_time":1.123861906},
{"learn":[16719.46035],"iteration":130,"passed_time":0.3981802233,"remaining_time":1.121591621},
{"learn":[16718.56762],"iteration":131,"passed_time":0.4014974222,"remaining_time":1.119326147},
{"learn":[16717.26194],"iteration":132,"passed_time":0.4053069944,"remaining_time":1.118403511},
{"learn":[16715.94831],"iteration":133,"passed_time":0.4086277466,"remaining_time":1.116102651},
{"learn":[16714.72215],"iteration":134,"passed_time":0.4115561584,"remaining_time":1.11272591},
{"learn":[16713.90484],"iteration":135,"passed_time":0.4145321209,"remaining_time":1.109483029},
{"learn":[16712.58372],"iteration":136,"passed_time":0.4175522251,"remaining_time":1.106361005},
{"learn":[16711.98522],"iteration":137,"passed_time":0.4204933988,"remaining_time":1.103033408},
{"learn":[16709.94226],"iteration":138,"passed_time":0.4233132013,"remaining_time":1.099396156},
{"learn":[16709.06084],"iteration":139,"passed_time":0.4263124841,"remaining_time":1.096232102},
{"learn":[16707.84896],"iteration":140,"passed_time":0.429198528,"remaining_time":1.092782068},
{"learn":[16707.07205],"iteration":141,"passed_time":0.4331236401,"remaining_time":1.0919596},
{"learn":[16706.02425],"iteration":142,"passed_time":0.4368331001,"remaining_time":1.090555362},
{"learn":[16705.51315],"iteration":143,"passed_time":0.4408280933,"remaining_time":1.089825008},
{"learn":[16704.3998],"iteration":144,"passed_time":0.4443483828,"remaining_time":1.08788742},
{"learn":[16703.72573],"iteration":145,"passed_time":0.4479657792,"remaining_time":1.086163602},
{"learn":[16701.23558],"iteration":146,"passed_time":0.4511724037,"remaining_time":1.083427609},
{"learn":[16698.58759],"iteration":147,"passed_time":0.4544451101,"remaining_time":1.080842424},
{"learn":[16697.068],"iteration":148,"passed_time":0.4575280573,"remaining_time":1.077800994},
{"learn":[16694.91489],"iteration":149,"passed_time":0.4616283658,"remaining_time":1.077132853},
{"learn":[16694.03234],"iteration":150,"passed_time":0.4647622906,"remaining_time":1.074185692},
{"learn":[16693.50663],"iteration":151,"passed_time":0.468051982,"remaining_time":1.071592696},
{"learn":[16692.45607],"iteration":152,"passed_time":0.4710789433,"remaining_time":1.068394728},
{"learn":[16691.21268],"iteration":153,"passed_time":0.4747826439,"remaining_time":1.066719447},
{"learn":[16689.62332],"iteration":154,"passed_time":0.4781620885,"remaining_time":1.064296262},
{"learn":[16689.01751],"iteration":155,"passed_time":0.4814907747,"remaining_time":1.061748888},
{"learn":[16688.01299],"iteration":156,"passed_time":0.4846547216,"remaining_time":1.058831653},
{"learn":[16687.00419],"iteration":157,"passed_time":0.4882269193,"remaining_time":1.056794977},
{"learn":[16685.46372],"iteration":158,"passed_time":0.4916217563,"remaining_time":1.054358609},
{"learn":[16684.49273],"iteration":159,"passed_time":0.4947845423,"remaining_time":1.051417152},
{"learn":[16683.90618],"iteration":160,"passed_time":0.4975878415,"remaining_time":1.047716014},
{"learn":[16682.99603],"iteration":161,"passed_time":0.5005411618,"remaining_time":1.044338967},
{"learn":[16682.01807],"iteration":162,"passed_time":0.5051717283,"remaining_time":1.0444348},
{"learn":[16679.90219],"iteration":163,"passed_time":0.5100837038,"remaining_time":1.045049539},
{"learn":[16679.49183],"iteration":164,"passed_time":0.5132415123,"remaining_time":1.042035798},
{"learn":[16677.51704],"iteration":165,"passed_time":0.5164117744,"remaining_time":1.039045377},
{"learn":[16677.07188],"iteration":166,"passed_time":0.5204774587,"remaining_time":1.037838286},
{"learn":[16674.9487],"iteration":167,"passed_time":0.5238765145,"remaining_time":1.035279779},
{"learn":[16674.26098],"iteration":168,"passed_time":0.5271622672,"remaining_time":1.032489411},
{"learn":[16673.89811],"iteration":169,"passed_time":0.5304571445,"remaining_time":1.029710928},
{"learn":[16672.50366],"iteration":170,"passed_time":0.5348362098,"remaining_time":1.029012357},
{"learn":[16671.55181],"iteration":171,"passed_time":0.5388918478,"remaining_time":1.027654221},
{"learn":[16671.03479],"iteration":172,"passed_time":0.5426698521,"remaining_time":1.025740125},
{"learn":[16670.21334],"iteration":173,"passed_time":0.5462165995,"remaining_time":1.02337133},
{"learn":[16669.54261],"iteration":174,"passed_time":0.5503458461,"remaining_time":1.022070857},
{"learn":[16669.12527],"iteration":175,"passed_time":0.5541847056,"remaining_time":1.020203663},
{"learn":[16668.54976],"iteration":176,"passed_time":0.5574330891,"remaining_time":1.017236654},
{"learn":[16667.39573],"iteration":177,"passed_time":0.5610144784,"remaining_time":1.014868888},
{"learn":[16666.63024],"iteration":178,"passed_time":0.5657499969,"remaining_time":1.014557257},
{"learn":[16665.9393],"iteration":179,"passed_time":0.569569699,"remaining_time":1.012568354},
{"learn":[16665.4658],"iteration":180,"passed_time":0.573249375,"remaining_time":1.010312434},
{"learn":[16664.50557],"iteration":181,"passed_time":0.5786058557,"remaining_time":1.010970671},
{"learn":[16663.60739],"iteration":182,"passed_time":0.5820256645,"remaining_time":1.008208392},
{"learn":[16662.23884],"iteration":183,"passed_time":0.585510412,"remaining_time":1.00555049},
{"learn":[16661.72407],"iteration":184,"passed_time":0.5886679727,"remaining_time":1.002326548},
{"learn":[16660.15642],"iteration":185,"passed_time":0.5920787594,"remaining_time":0.9995308089},
{"learn":[16658.64338],"iteration":186,"passed_time":0.5954638519,"remaining_time":0.9966854848},
{"learn":[16658.35171],"iteration":187,"passed_time":0.5985664551,"remaining_time":0.9933656063},
{"learn":[16657.38734],"iteration":188,"passed_time":0.6019424989,"remaining_time":0.9904979744},
{"learn":[16656.79575],"iteration":189,"passed_time":0.605879827,"remaining_time":0.9885407704},
{"learn":[16654.17457],"iteration":190,"passed_time":0.6092833694,"remaining_time":0.9856992731},
{"learn":[16653.82294],"iteration":191,"passed_time":0.6128521236,"remaining_time":0.9831169482},
{"learn":[16652.12484],"iteration":192,"passed_time":0.6161291682,"remaining_time":0.9800603867},
{"learn":[16651.7339],"iteration":193,"passed_time":0.6200121557,"remaining_time":0.9779573177},
{"learn":[16651.02813],"iteration":194,"passed_time":0.6232631982,"remaining_time":0.9748475665},
{"learn":[16650.75573],"iteration":195,"passed_time":0.6263556677,"remaining_time":0.9714904234},
{"learn":[16649.20105],"iteration":196,"passed_time":0.6292837631,"remaining_time":0.9678831484},
{"learn":[16648.76488],"iteration":197,"passed_time":0.6321549078,"remaining_time":0.9641958695},
{"learn":[16648.0244],"iteration":198,"passed_time":0.6363367195,"remaining_time":0.9624992592},
{"learn":[16647.59688],"iteration":199,"passed_time":0.6396815114,"remaining_time":0.9595222671},
{"learn":[16647.04177],"iteration":200,"passed_time":0.6434558237,"remaining_time":0.9571805536},
{"learn":[16646.64505],"iteration":201,"passed_time":0.6467971647,"remaining_time":0.9541859162},
{"learn":[16645.80867],"iteration":202,"passed_time":0.6504425433,"remaining_time":0.9516326864},
{"learn":[16645.12959],"iteration":203,"passed_time":0.6539303262,"remaining_time":0.9488400812},
{"learn":[16644.38098],"iteration":204,"passed_time":0.6574227561,"remaining_time":0.9460473807},
{"learn":[16644.0024],"iteration":205,"passed_time":0.6609274177,"remaining_time":0.9432653436},
{"learn":[16643.63081],"iteration":206,"passed_time":0.6656409821,"remaining_time":0.9421874771},
{"learn":[16643.11287],"iteration":207,"passed_time":0.6694629665,"remaining_time":0.9398230106},
{"learn":[16642.70586],"iteration":208,"passed_time":0.6730064799,"remaining_time":0.9370568692},
{"learn":[16642.09039],"iteration":209,"passed_time":0.6766618901,"remaining_time":0.9344378482},
{"learn":[16641.1769],"iteration":210,"passed_time":0.6800513428,"remaining_time":0.9314447302},
{"learn":[16639.85855],"iteration":211,"passed_time":0.6837540663,"remaining_time":0.9288734486},
{"learn":[16638.93992],"iteration":212,"passed_time":0.6876527082,"remaining_time":0.9265555271},
{"learn":[16637.73575],"iteration":213,"passed_time":0.6907099119,"remaining_time":0.9230982935},
{"learn":[16636.7346],"iteration":214,"passed_time":0.6938209747,"remaining_time":0.9197161757},
{"learn":[16635.98242],"iteration":215,"passed_time":0.6966880327,"remaining_time":0.9160157467},
{"learn":[16633.89139],"iteration":216,"passed_time":0.700272933,"remaining_time":0.9132591706},
{"learn":[16633.34971],"iteration":217,"passed_time":0.7033413785,"remaining_time":0.9098269209},
{"learn":[16631.99525],"iteration":218,"passed_time":0.7061655582,"remaining_time":0.9060845747},
{"learn":[16631.69069],"iteration":219,"passed_time":0.7088042075,"remaining_time":0.9021144459},
{"learn":[16631.13651],"iteration":220,"passed_time":0.7113935175,"remaining_time":0.8980940786},
{"learn":[16630.85991],"iteration":221,"passed_time":0.7141542481,"remaining_time":0.8943012656},
{"learn":[16630.48987],"iteration":222,"passed_time":0.7168835152,"remaining_time":0.8904786265},
{"learn":[16629.71086],"iteration":223,"passed_time":0.7193341643,"remaining_time":0.8863224524},
{"learn":[16629.16999],"iteration":224,"passed_time":0.7217440988,"remaining_time":0.8821316764},
{"learn":[16628.43531],"iteration":225,"passed_time":0.7241038549,"remaining_time":0.8778958241},
{"learn":[16628.18728],"iteration":226,"passed_time":0.7265005852,"remaining_time":0.8737209681},
{"learn":[16627.93601],"iteration":227,"passed_time":0.7291175815,"remaining_time":0.8698244831},
{"learn":[16627.55339],"iteration":228,"passed_time":0.7318739496,"remaining_time":0.8661041062},
{"learn":[16627.24359],"iteration":229,"passed_time":0.734374737,"remaining_time":0.8620920826},
{"learn":[16625.41252],"iteration":230,"passed_time":0.7367556321,"remaining_time":0.8579535283},
{"learn":[16625.07301],"iteration":231,"passed_time":0.7391371437,"remaining_time":0.8538308384},
{"learn":[16620.73311],"iteration":232,"passed_time":0.7417715261,"remaining_time":0.8500128646},
{"learn":[16619.57554],"iteration":233,"passed_time":0.7444598221,"remaining_time":0.8462662935},
{"learn":[16618.70081],"iteration":234,"passed_time":0.7468373041,"remaining_time":0.8421782366},
{"learn":[16617.49848],"iteration":235,"passed_time":0.7494244656,"remaining_time":0.8383392327},
{"learn":[16617.19363],"iteration":236,"passed_time":0.7518574781,"remaining_time":0.8343397331},
{"learn":[16616.13279],"iteration":237,"passed_time":0.7544990635,"remaining_time":0.8305830026},
{"learn":[16615.79795],"iteration":238,"passed_time":0.7571381898,"remaining_time":0.8268329185},
{"learn":[16615.06948],"iteration":239,"passed_time":0.7595946123,"remaining_time":0.8228941634},
{"learn":[16614.7442],"iteration":240,"passed_time":0.7620699876,"remaining_time":0.818988078},
{"learn":[16614.4505],"iteration":241,"passed_time":0.7646578042,"remaining_time":0.815213692},
{"learn":[16612.73235],"iteration":242,"passed_time":0.767109166,"remaining_time":0.8113047558},
{"learn":[16611.55524],"iteration":243,"passed_time":0.7695394166,"remaining_time":0.8073856174},
{"learn":[16610.69939],"iteration":244,"passed_time":0.7722881798,"remaining_time":0.8038101463},
{"learn":[16609.97405],"iteration":245,"passed_time":0.7748519227,"remaining_time":0.8000503592},
{"learn":[16609.72026],"iteration":246,"passed_time":0.7772485417,"remaining_time":0.7961290731},
{"learn":[16609.19026],"iteration":247,"passed_time":0.7796302375,"remaining_time":0.7922049187},
{"learn":[16608.67432],"iteration":248,"passed_time":0.7822773143,"remaining_time":0.7885606662},
{"learn":[16607.00722],"iteration":249,"passed_time":0.7849913338,"remaining_time":0.7849913338},
{"learn":[16606.67],"iteration":250,"passed_time":0.7879006823,"remaining_time":0.7816225892},
{"learn":[16606.22145],"iteration":251,"passed_time":0.7907444177,"remaining_time":0.778192919},
{"learn":[16605.83082],"iteration":252,"passed_time":0.7933968646,"remaining_time":0.7745811287},
{"learn":[16605.32076],"iteration":253,"passed_time":0.7961403294,"remaining_time":0.7710650434},
{"learn":[16605.02029],"iteration":254,"passed_time":0.7988025876,"remaining_time":0.7674769959},
{"learn":[16604.77568],"iteration":255,"passed_time":0.8014626178,"remaining_time":0.7638940576},
{"learn":[16601.81767],"iteration":256,"passed_time":0.8042356233,"remaining_time":0.7604251225},
{"learn":[16600.73572],"iteration":257,"passed_time":0.8069537977,"remaining_time":0.7569101513},
{"learn":[16596.87966],"iteration":258,"passed_time":0.8095672183,"remaining_time":0.7533038595},
{"learn":[16595.99347],"iteration":259,"passed_time":0.8119475658,"remaining_time":0.7494900608},
{"learn":[16594.94137],"iteration":260,"passed_time":0.8145489962,"remaining_time":0.7458896938},
{"learn":[16593.72455],"iteration":261,"passed_time":0.8172230796,"remaining_time":0.7423629502},
{"learn":[16593.3628],"iteration":262,"passed_time":0.8198633399,"remaining_time":0.7388122112},
{"learn":[16593.09651],"iteration":263,"passed_time":0.8225569082,"remaining_time":0.735316024},
{"learn":[16592.07621],"iteration":264,"passed_time":0.8251788769,"remaining_time":0.7317624003},
{"learn":[16591.8883],"iteration":265,"passed_time":0.827713721,"remaining_time":0.728139138},
{"learn":[16591.49021],"iteration":266,"passed_time":0.8303777828,"remaining_time":0.7246367917},
{"learn":[16590.81677],"iteration":267,"passed_time":0.8332311299,"remaining_time":0.7213045602},
{"learn":[16587.36202],"iteration":268,"passed_time":0.8366145231,"remaining_time":0.7184310589},
{"learn":[16586.43193],"iteration":269,"passed_time":0.8399597882,"remaining_time":0.715521301},
{"learn":[16586.12265],"iteration":270,"passed_time":0.8430092879,"remaining_time":0.712358402},
{"learn":[16585.18151],"iteration":271,"passed_time":0.8459649976,"remaining_time":0.7091177186},
{"learn":[16584.13101],"iteration":272,"passed_time":0.8491239709,"remaining_time":0.7060481369},
{"learn":[16582.50809],"iteration":273,"passed_time":0.852095874,"remaining_time":0.7028236041},
{"learn":[16582.20905],"iteration":274,"passed_time":0.8549879863,"remaining_time":0.6995356251},
{"learn":[16580.78377],"iteration":275,"passed_time":0.857891115,"remaining_time":0.6962594556},
{"learn":[16580.08171],"iteration":276,"passed_time":0.8607638051,"remaining_time":0.6929614749},
{"learn":[16579.14463],"iteration":277,"passed_time":0.8635502457,"remaining_time":0.6895976782},
{"learn":[16578.89321],"iteration":278,"passed_time":0.8660737366,"remaining_time":0.686029734},
{"learn":[16578.40553],"iteration":279,"passed_time":0.8686363313,"remaining_time":0.6824999746},
{"learn":[16578.18769],"iteration":280,"passed_time":0.8711436799,"remaining_time":0.6789340423},
{"learn":[16577.76969],"iteration":281,"passed_time":0.8734962537,"remaining_time":0.6752559692},
{"learn":[16576.97615],"iteration":282,"passed_time":0.8762065962,"remaining_time":0.671861595},
{"learn":[16576.72705],"iteration":283,"passed_time":0.8791348542,"remaining_time":0.6686377765},
{"learn":[16576.02416],"iteration":284,"passed_time":0.8818242249,"remaining_time":0.6652358188},
{"learn":[16573.25954],"iteration":285,"passed_time":0.8848779708,"remaining_time":0.6621114887},
{"learn":[16572.82761],"iteration":286,"passed_time":0.8876918395,"remaining_time":0.6588096231},
{"learn":[16572.65122],"iteration":287,"passed_time":0.8904700468,"remaining_time":0.6554848955},
{"learn":[16571.32274],"iteration":288,"passed_time":0.8936882954,"remaining_time":0.6524852261},
{"learn":[16571.02275],"iteration":289,"passed_time":0.8964350958,"remaining_time":0.6491426556},
{"learn":[16570.72622],"iteration":290,"passed_time":0.8991870968,"remaining_time":0.6458079149},
{"learn":[16570.08588],"iteration":291,"passed_time":0.9020081739,"remaining_time":0.6425263704},
{"learn":[16569.89146],"iteration":292,"passed_time":0.904781809,"remaining_time":0.6392144521},
{"learn":[16569.2069],"iteration":293,"passed_time":0.9076528843,"remaining_time":0.63597447},
{"learn":[16569.00412],"iteration":294,"passed_time":0.9107792204,"remaining_time":0.6329143735},
{"learn":[16568.35916],"iteration":295,"passed_time":0.9135191322,"remaining_time":0.62958751},
{"learn":[16565.26711],"iteration":296,"passed_time":0.9163919892,"remaining_time":0.6263554674},
{"learn":[16564.81268],"iteration":297,"passed_time":0.9191660647,"remaining_time":0.6230588761},
{"learn":[16564.66826],"iteration":298,"passed_time":0.92191468,"remaining_time":0.6197486645},
{"learn":[16563.92175],"iteration":299,"passed_time":0.9248761358,"remaining_time":0.6165840905},
{"learn":[16563.19871],"iteration":300,"passed_time":0.927923581,"remaining_time":0.6134777164},
{"learn":[16561.83807],"iteration":301,"passed_time":0.9306572403,"remaining_time":0.6101660053},
{"learn":[16559.63908],"iteration":302,"passed_time":0.9335356258,"remaining_time":0.6069522056},
{"learn":[16559.40268],"iteration":303,"passed_time":0.9364372591,"remaining_time":0.6037556013},
{"learn":[16559.11518],"iteration":304,"passed_time":0.9390872663,"remaining_time":0.6004000555},
{"learn":[16558.08933],"iteration":305,"passed_time":0.9418343479,"remaining_time":0.597110665},
{"learn":[16557.04536],"iteration":306,"passed_time":0.9444577654,"remaining_time":0.5937470643},
{"learn":[16555.67928],"iteration":307,"passed_time":0.9472215943,"remaining_time":0.5904757991},
{"learn":[16554.98274],"iteration":308,"passed_time":0.9498322738,"remaining_time":0.587113153},
{"learn":[16554.67949],"iteration":309,"passed_time":0.9526570067,"remaining_time":0.5838865525},
{"learn":[16553.61707],"iteration":310,"passed_time":0.9553633169,"remaining_time":0.5805905688},
{"learn":[16553.40262],"iteration":311,"passed_time":0.9580715853,"remaining_time":0.577299545},
{"learn":[16552.54049],"iteration":312,"passed_time":0.9606720393,"remaining_time":0.5739478318},
{"learn":[16552.16123],"iteration":313,"passed_time":0.9634065386,"remaining_time":0.5706803063},
{"learn":[16551.98764],"iteration":314,"passed_time":0.9661983778,"remaining_time":0.5674498409},
{"learn":[16551.56221],"iteration":315,"passed_time":0.9690221267,"remaining_time":0.564240732},
{"learn":[16549.34951],"iteration":316,"passed_time":0.9722985298,"remaining_time":0.5612953658},
{"learn":[16547.78842],"iteration":317,"passed_time":0.975478246,"remaining_time":0.558292581},
{"learn":[16547.5432],"iteration":318,"passed_time":0.9788562876,"remaining_time":0.5554012165},
{"learn":[16547.27033],"iteration":319,"passed_time":0.9817057646,"remaining_time":0.5522094926},
{"learn":[16546.89224],"iteration":320,"passed_time":0.9844608654,"remaining_time":0.5489672739},
{"learn":[16546.36075],"iteration":321,"passed_time":0.9872638968,"remaining_time":0.5457545765},
{"learn":[16546.04017],"iteration":322,"passed_time":0.9900002822,"remaining_time":0.5425078946},
{"learn":[16545.89554],"iteration":323,"passed_time":0.992573305,"remaining_time":0.5391756225},
{"learn":[16545.05663],"iteration":324,"passed_time":0.9954207599,"remaining_time":0.5359957938},
{"learn":[16544.37796],"iteration":325,"passed_time":0.9978470599,"remaining_time":0.532593216},
{"learn":[16544.12212],"iteration":326,"passed_time":1.000260727,"remaining_time":0.5291899257},
{"learn":[16543.91085],"iteration":327,"passed_time":1.002864193,"remaining_time":0.5258921988},
{"learn":[16543.6715],"iteration":328,"passed_time":1.005361201,"remaining_time":0.5225433595},
{"learn":[16543.11206],"iteration":329,"passed_time":1.007783803,"remaining_time":0.5191613533},
{"learn":[16542.43897],"iteration":330,"passed_time":1.010273715,"remaining_time":0.5158195103},
{"learn":[16542.20245],"iteration":331,"passed_time":1.012688513,"remaining_time":0.5124447897},
{"learn":[16542.02715],"iteration":332,"passed_time":1.015408567,"remaining_time":0.5092289212},
{"learn":[16541.84079],"iteration":333,"passed_time":1.018012293,"remaining_time":0.5059582053},
{"learn":[16540.03387],"iteration":334,"passed_time":1.020594849,"remaining_time":0.502681045},
{"learn":[16539.39487],"iteration":335,"passed_time":1.023115992,"remaining_time":0.4993780435},
{"learn":[16538.71094],"iteration":336,"passed_time":1.025895121,"remaining_time":0.4962044652},
{"learn":[16538.26928],"iteration":337,"passed_time":1.028341816,"remaining_time":0.4928738883},
{"learn":[16538.09897],"iteration":338,"passed_time":1.030681987,"remaining_time":0.4894979346},
{"learn":[16537.54908],"iteration":339,"passed_time":1.033180836,"remaining_time":0.4862027465},
{"learn":[16535.92429],"iteration":340,"passed_time":1.035629298,"remaining_time":0.4828887344},
{"learn":[16534.22189],"iteration":341,"passed_time":1.038027179,"remaining_time":0.4795564159},
{"learn":[16533.10831],"iteration":342,"passed_time":1.040435246,"remaining_time":0.476234209},
{"learn":[16532.99339],"iteration":343,"passed_time":1.042737416,"remaining_time":0.4728692933},
{"learn":[16529.98237],"iteration":344,"passed_time":1.04502079,"remaining_time":0.4695020941},
{"learn":[16528.88456],"iteration":345,"passed_time":1.047421102,"remaining_time":0.4661932072},
{"learn":[16528.03868],"iteration":346,"passed_time":1.049877242,"remaining_time":0.4629141728},
{"learn":[16527.48683],"iteration":347,"passed_time":1.052377565,"remaining_time":0.4596591664},
{"learn":[16526.78215],"iteration":348,"passed_time":1.054920523,"remaining_time":0.4564269312},
{"learn":[16526.53945],"iteration":349,"passed_time":1.057465439,"remaining_time":0.453199474},
{"learn":[16526.35324],"iteration":350,"passed_time":1.060025088,"remaining_time":0.4499821598},
{"learn":[16525.50077],"iteration":351,"passed_time":1.062878228,"remaining_time":0.4468919824},
{"learn":[16524.82913],"iteration":352,"passed_time":1.065429962,"remaining_time":0.443677633},
{"learn":[16524.28155],"iteration":353,"passed_time":1.068255075,"remaining_time":0.4405797766},
{"learn":[16523.03467],"iteration":354,"passed_time":1.07123605,"remaining_time":0.4375471191},
{"learn":[16522.19155],"iteration":355,"passed_time":1.0738767,"remaining_time":0.4343770922},
{"learn":[16521.8148],"iteration":356,"passed_time":1.076542717,"remaining_time":0.4312201918},
{"learn":[16520.49286],"iteration":357,"passed_time":1.079213811,"remaining_time":0.4280680481},
{"learn":[16520.31853],"iteration":358,"passed_time":1.081588516,"remaining_time":0.4248021749},
{"learn":[16520.10716],"iteration":359,"passed_time":1.084039998,"remaining_time":0.4215711104},
{"learn":[16519.25025],"iteration":360,"passed_time":1.086416821,"remaining_time":0.4183156182},
{"learn":[16518.85117],"iteration":361,"passed_time":1.088696912,"remaining_time":0.4150281045},
{"learn":[16518.34257],"iteration":362,"passed_time":1.091110652,"remaining_time":0.4117965823},
{"learn":[16518.12823],"iteration":363,"passed_time":1.093510495,"remaining_time":0.4085643609},
{"learn":[16516.87331],"iteration":364,"passed_time":1.09583461,"remaining_time":0.4053086913},
{"learn":[16515.59331],"iteration":365,"passed_time":1.098176136,"remaining_time":0.402064487},
{"learn":[16515.44951],"iteration":366,"passed_time":1.100650654,"remaining_time":0.3988733977},
{"learn":[16514.12861],"iteration":367,"passed_time":1.103145872,"remaining_time":0.3956936279},
{"learn":[16513.95511],"iteration":368,"passed_time":1.106006215,"remaining_time":0.3926471929},
{"learn":[16512.67512],"iteration":369,"passed_time":1.108824393,"remaining_time":0.3895869491},
{"learn":[16511.86314],"iteration":370,"passed_time":1.111946293,"remaining_time":0.3866336166},
{"learn":[16511.60111],"iteration":371,"passed_time":1.114981799,"remaining_time":0.3836496513},
{"learn":[16511.4331],"iteration":372,"passed_time":1.117801922,"remaining_time":0.3805920754},
{"learn":[16511.22609],"iteration":373,"passed_time":1.121006082,"remaining_time":0.3776651507},
{"learn":[16510.92202],"iteration":374,"passed_time":1.124599029,"remaining_time":0.3748663431},
{"learn":[16510.77296],"iteration":375,"passed_time":1.127557169,"remaining_time":0.37185396},
{"learn":[16510.21989],"iteration":376,"passed_time":1.130657096,"remaining_time":0.368888124},
{"learn":[16509.1642],"iteration":377,"passed_time":1.133615119,"remaining_time":0.365875779},
{"learn":[16508.8137],"iteration":378,"passed_time":1.136508017,"remaining_time":0.362842929},
{"learn":[16507.88651],"iteration":379,"passed_time":1.139563167,"remaining_time":0.3598620528},
{"learn":[16507.21383],"iteration":380,"passed_time":1.142300265,"remaining_time":0.3567814476},
{"learn":[16506.89911],"iteration":381,"passed_time":1.145109433,"remaining_time":0.3537249035},
{"learn":[16506.34195],"iteration":382,"passed_time":1.147776137,"remaining_time":0.3506261307},
{"learn":[16505.54843],"iteration":383,"passed_time":1.150263578,"remaining_time":0.3474754559},
{"learn":[16504.60093],"iteration":384,"passed_time":1.152768451,"remaining_time":0.3443334334},
{"learn":[16504.42728],"iteration":385,"passed_time":1.155295668,"remaining_time":0.3412013112},
{"learn":[16503.41721],"iteration":386,"passed_time":1.157823189,"remaining_time":0.338072404},
{"learn":[16503.17135],"iteration":387,"passed_time":1.160597133,"remaining_time":0.3350177291},
{"learn":[16502.95765],"iteration":388,"passed_time":1.163310558,"remaining_time":0.3319472288},
{"learn":[16502.28135],"iteration":389,"passed_time":1.165972528,"remaining_time":0.3288640465},
{"learn":[16501.25705],"iteration":390,"passed_time":1.168644311,"remaining_time":0.3257857543},
{"learn":[16500.83041],"iteration":391,"passed_time":1.171287363,"remaining_time":0.3227016205},
{"learn":[16499.83532],"iteration":392,"passed_time":1.173926251,"remaining_time":0.3196185976},
{"learn":[16499.28061],"iteration":393,"passed_time":1.176848682,"remaining_time":0.3166141125},
{"learn":[16498.7691],"iteration":394,"passed_time":1.179542166,"remaining_time":0.3135491835},
{"learn":[16498.01019],"iteration":395,"passed_time":1.182198227,"remaining_time":0.3104763021},
{"learn":[16496.65068],"iteration":396,"passed_time":1.185250898,"remaining_time":0.3075084194},
{"learn":[16494.11262],"iteration":397,"passed_time":1.188178872,"remaining_time":0.304508153},
{"learn":[16493.46555],"iteration":398,"passed_time":1.191040183,"remaining_time":0.3014913747},
{"learn":[16492.73972],"iteration":399,"passed_time":1.194052325,"remaining_time":0.2985130811},
{"learn":[16492.62283],"iteration":400,"passed_time":1.196985612,"remaining_time":0.295515151},
{"learn":[16492.06584],"iteration":401,"passed_time":1.199865439,"remaining_time":0.29250451},
{"learn":[16491.44932],"iteration":402,"passed_time":1.202781118,"remaining_time":0.2895031475},
{"learn":[16491.12905],"iteration":403,"passed_time":1.205857567,"remaining_time":0.2865404121},
{"learn":[16490.94682],"iteration":404,"passed_time":1.209878585,"remaining_time":0.2837986804},
{"learn":[16490.50554],"iteration":405,"passed_time":1.213038384,"remaining_time":0.2808512516},
{"learn":[16490.13603],"iteration":406,"passed_time":1.216327271,"remaining_time":0.2779322756},
{"learn":[16489.62041],"iteration":407,"passed_time":1.219413307,"remaining_time":0.2749657456},
{"learn":[16489.09795],"iteration":408,"passed_time":1.22241887,"remaining_time":0.2719807266},
{"learn":[16488.50336],"iteration":409,"passed_time":1.225462259,"remaining_time":0.2690039106},
{"learn":[16487.91647],"iteration":410,"passed_time":1.228514114,"remaining_time":0.2660286037},
{"learn":[16487.12989],"iteration":411,"passed_time":1.231465524,"remaining_time":0.263031471},
{"learn":[16487.02738],"iteration":412,"passed_time":1.234277673,"remaining_time":0.2600052241},
{"learn":[16485.94101],"iteration":413,"passed_time":1.236985065,"remaining_time":0.2569582502},
{"learn":[16485.50696],"iteration":414,"passed_time":1.239412881,"remaining_time":0.2538556504},
{"learn":[16485.30095],"iteration":415,"passed_time":1.242356434,"remaining_time":0.2508604338},
{"learn":[16484.28564],"iteration":416,"passed_time":1.244822894,"remaining_time":0.2477705041},
{"learn":[16483.83584],"iteration":417,"passed_time":1.247602696,"remaining_time":0.2447450265},
{"learn":[16483.64419],"iteration":418,"passed_time":1.250013952,"remaining_time":0.2416494752},
{"learn":[16482.83581],"iteration":419,"passed_time":1.252749674,"remaining_time":0.2386189855},
{"learn":[16482.55535],"iteration":420,"passed_time":1.255274639,"remaining_time":0.235550348},
{"learn":[16481.75812],"iteration":421,"passed_time":1.258167636,"remaining_time":0.2325523119},
{"learn":[16480.94926],"iteration":422,"passed_time":1.260938376,"remaining_time":0.2295325177},
{"learn":[16480.68758],"iteration":423,"passed_time":1.263789901,"remaining_time":0.2265283784},
{"learn":[16479.98487],"iteration":424,"passed_time":1.266421386,"remaining_time":0.223486127},
{"learn":[16479.82747],"iteration":425,"passed_time":1.269152273,"remaining_time":0.220463071},
{"learn":[16479.0207],"iteration":426,"passed_time":1.272044193,"remaining_time":0.2174689135},
{"learn":[16478.88052],"iteration":427,"passed_time":1.274803432,"remaining_time":0.2144529139},
{"learn":[16478.68058],"iteration":428,"passed_time":1.277886782,"remaining_time":0.2114917518},
{"learn":[16478.50491],"iteration":429,"passed_time":1.280965845,"remaining_time":0.2085293236},
{"learn":[16477.96929],"iteration":430,"passed_time":1.284081466,"remaining_time":0.2055722069},
{"learn":[16477.84654],"iteration":431,"passed_time":1.287497631,"remaining_time":0.2026616642},
{"learn":[16477.44759],"iteration":432,"passed_time":1.290391902,"remaining_time":0.1996680311},
{"learn":[16477.2861],"iteration":433,"passed_time":1.29318637,"remaining_time":0.1966596784},
{"learn":[16476.66334],"iteration":434,"passed_time":1.296023528,"remaining_time":0.193658688},
{"learn":[16474.39759],"iteration":435,"passed_time":1.299064815,"remaining_time":0.1906884133},
{"learn":[16474.22849],"iteration":436,"passed_time":1.302078292,"remaining_time":0.1877138041},
{"learn":[16473.73548],"iteration":437,"passed_time":1.304884827,"remaining_time":0.1847097243},
{"learn":[16473.12871],"iteration":438,"passed_time":1.307617968,"remaining_time":0.1816963463},
{"learn":[16472.99379],"iteration":439,"passed_time":1.310262448,"remaining_time":0.1786721521},
{"learn":[16472.67276],"iteration":440,"passed_time":1.31319968,"remaining_time":0.1756888461},
{"learn":[16472.2042],"iteration":441,"passed_time":1.31635675,"remaining_time":0.1727345961},
{"learn":[16471.6879],"iteration":442,"passed_time":1.319629168,"remaining_time":0.1697942721},
{"learn":[16471.09833],"iteration":443,"passed_time":1.322801602,"remaining_time":0.1668398417},
{"learn":[16470.97464],"iteration":444,"passed_time":1.325834584,"remaining_time":0.1638671958},
{"learn":[16470.39479],"iteration":445,"passed_time":1.328962608,"remaining_time":0.1609057866},
{"learn":[16470.11446],"iteration":446,"passed_time":1.332132838,"remaining_time":0.1579486363},
{"learn":[16469.57237],"iteration":447,"passed_time":1.335270401,"remaining_time":0.1549867429},
{"learn":[16469.44036],"iteration":448,"passed_time":1.338267684,"remaining_time":0.1520081333},
{"learn":[16468.67198],"iteration":449,"passed_time":1.342152874,"remaining_time":0.1491280971},
{"learn":[16468.47503],"iteration":450,"passed_time":1.345003337,"remaining_time":0.146131183},
{"learn":[16468.1663],"iteration":451,"passed_time":1.348029162,"remaining_time":0.1431535393},
{"learn":[16466.98339],"iteration":452,"passed_time":1.351070715,"remaining_time":0.1401773148},
{"learn":[16466.61195],"iteration":453,"passed_time":1.354191835,"remaining_time":0.1372088643},
{"learn":[16466.22906],"iteration":454,"passed_time":1.357815135,"remaining_time":0.134289409},
{"learn":[16466.08226],"iteration":455,"passed_time":1.360866002,"remaining_time":0.1313116317},
{"learn":[16465.01622],"iteration":456,"passed_time":1.364679832,"remaining_time":0.1284053234},
{"learn":[16464.32015],"iteration":457,"passed_time":1.368298097,"remaining_time":0.1254771181},
{"learn":[16463.74287],"iteration":458,"passed_time":1.371776142,"remaining_time":0.1225333809},
{"learn":[16463.66626],"iteration":459,"passed_time":1.37509454,"remaining_time":0.1195734383},
{"learn":[16462.83062],"iteration":460,"passed_time":1.378197252,"remaining_time":0.1165936938},
{"learn":[16462.17859],"iteration":461,"passed_time":1.381216469,"remaining_time":0.1136065494},
{"learn":[16461.11328],"iteration":462,"passed_time":1.383968456,"remaining_time":0.1105979111},
{"learn":[16460.67892],"iteration":463,"passed_time":1.38677355,"remaining_time":0.1075944995},
{"learn":[16459.82536],"iteration":464,"passed_time":1.389537763,"remaining_time":0.1045888639},
{"learn":[16459.38267],"iteration":465,"passed_time":1.392247669,"remaining_time":0.1015803021},
{"learn":[16458.48964],"iteration":466,"passed_time":1.394918774,"remaining_time":0.09857027739},
{"learn":[16457.49116],"iteration":467,"passed_time":1.397440847,"remaining_time":0.09555151089},
{"learn":[16456.07964],"iteration":468,"passed_time":1.399872336,"remaining_time":0.09252887507},
{"learn":[16455.92894],"iteration":469,"passed_time":1.402460939,"remaining_time":0.08951878335},
{"learn":[16454.74479],"iteration":470,"passed_time":1.405091321,"remaining_time":0.08651305374},
{"learn":[16454.249],"iteration":471,"passed_time":1.407735086,"remaining_time":0.08350970848},
{"learn":[16453.71348],"iteration":472,"passed_time":1.410232786,"remaining_time":0.08049954593},
{"learn":[16452.90306],"iteration":473,"passed_time":1.412648659,"remaining_time":0.07748705726},
{"learn":[16452.50659],"iteration":474,"passed_time":1.415079901,"remaining_time":0.07447788952},
{"learn":[16452.04103],"iteration":475,"passed_time":1.417777938,"remaining_time":0.07148460189},
{"learn":[16451.61144],"iteration":476,"passed_time":1.420757419,"remaining_time":0.06850612293},
{"learn":[16451.06558],"iteration":477,"passed_time":1.423395167,"remaining_time":0.06551191147},
{"learn":[16450.78219],"iteration":478,"passed_time":1.425939259,"remaining_time":0.06251508236},
{"learn":[16450.60857],"iteration":479,"passed_time":1.428633167,"remaining_time":0.05952638197},
{"learn":[16449.98735],"iteration":480,"passed_time":1.431337966,"remaining_time":0.05653933754},
{"learn":[16448.43858],"iteration":481,"passed_time":1.434442603,"remaining_time":0.05356839598},
{"learn":[16448.0388],"iteration":482,"passed_time":1.437100389,"remaining_time":0.05058117311},
{"learn":[16447.88331],"iteration":483,"passed_time":1.439918402,"remaining_time":0.04760060833},
{"learn":[16447.34977],"iteration":484,"passed_time":1.442450231,"remaining_time":0.04461186282},
{"learn":[16447.25672],"iteration":485,"passed_time":1.445092046,"remaining_time":0.04162816594},
{"learn":[16446.91665],"iteration":486,"passed_time":1.447888511,"remaining_time":0.03865000131},
{"learn":[16446.65724],"iteration":487,"passed_time":1.450627243,"remaining_time":0.03567116172},
{"learn":[16446.51164],"iteration":488,"passed_time":1.453550569,"remaining_time":0.03269745657},
{"learn":[16445.30194],"iteration":489,"passed_time":1.4565434,"remaining_time":0.02972537551},
{"learn":[16444.95067],"iteration":490,"passed_time":1.459412185,"remaining_time":0.02675093619},
{"learn":[16444.19654],"iteration":491,"passed_time":1.462426785,"remaining_time":0.02377929732},
{"learn":[16444.08251],"iteration":492,"passed_time":1.465461506,"remaining_time":0.02080776986},
{"learn":[16443.24361],"iteration":493,"passed_time":1.468449816,"remaining_time":0.01783542286},
{"learn":[16442.80873],"iteration":494,"passed_time":1.471298168,"remaining_time":0.01486159766},
{"learn":[16441.69422],"iteration":495,"passed_time":1.474615018,"remaining_time":0.0118920566},
{"learn":[16441.5589],"iteration":496,"passed_time":1.477496084,"remaining_time":0.008918487431},
{"learn":[16441.40326],"iteration":497,"passed_time":1.480711746,"remaining_time":0.005946633517},
{"learn":[16440.78642],"iteration":498,"passed_time":1.483758924,"remaining_time":0.002973464778},
{"learn":[16440.08776],"iteration":499,"passed_time":1.486752658,"remaining_time":0}
]}